{
  "dateCrawled": "2020-11-01",
  "_links": {"self": {"href": "https://eu.api.blizzard.com/data/sc2/ladder/230898?namespace=prod"}},
  "league": {
    "league_key": {
      "season_id": 45,
      "team_type": 0,
      "league_id": 5,
      "queue_id": 201
    },
    "key": {"href": "https://eu.api.blizzard.com/data/sc2/league/45/201/0/5?namespace=prod"}
  },
  "team": [
    {
      "wins": 88,
      "rating": 5321,
      "previous_rank": 2,
      "longest_win_streak": 5,
      "losses": 80,
      "join_time_stamp": 1601505161,
      "points": 1545,
      "highest_rank": 90,
      "last_played_time_stamp": 1604168691,
      "ties": 0,
      "member": [{
        "legacy_link": {
          "path": "/profile/6852859/1/IlllIIIIllll",
          "name": "IlllIIIIllll#398",
          "realm": 1,
          "id": 6852859
        },
        "character_link": {
          "id": 6852859,
          "battle_tag": "digbickdaddy#2501",
          "key": {"href": "https://eu.api.blizzard.com/data/sc2/character/digbickdaddy-2501/6852859?namespace=prod"}
        },
        "played_race_count": [{
          "race": "Zerg",
          "count": 168
        }]
      }],
      "current_win_streak": 0,
      "id": 4827608197789384704,
      "current_rank": 1
    },
    {
      "wins": 54,
      "rating": 5253,
      "previous_rank": 2,
      "longest_win_streak": 6,
      "losses": 42,
      "join_time_stamp": 1602256561,
      "points": 1433,
      "highest_rank": 100,
      "last_played_time_stamp": 1604144638,
      "ties": 0,
      "member": [{
        "legacy_link": {
          "path": "/profile/2695083/1/Dext",
          "name": "Dext#925",
          "realm": 1,
          "id": 2695083
        },
        "character_link": {
          "id": 2695083,
          "battle_tag": "Dext#2339",
          "key": {"href": "https://eu.api.blizzard.com/data/sc2/character/Dext-2339/2695083?namespace=prod"}
        },
        "clan_link": {
          "icon_url": "http://EU.depot.battle.net:1119/559a9eb4acf194de94aa9899dd21de861942f540bfa6f4206a5e86ce6ec49896.clfl",
          "clan_name": "aNgel's WingS",
          "decal_url": "http://EU.depot.battle.net:1119/02042edb97d0800fad59c25fae597318ae7ddc9c7d94635092510780ca78ab07.clfl",
          "clan_tag": "aW",
          "id": 1103
        },
        "played_race_count": [{
          "race": "Terran",
          "count": 96
        }]
      }],
      "current_win_streak": 4,
      "id": 5441506221506953216,
      "current_rank": 2
    },
    {
      "wins": 157,
      "rating": 5058,
      "previous_rank": 7,
      "longest_win_streak": 6,
      "losses": 155,
      "join_time_stamp": 1601504280,
      "points": 1353,
      "highest_rank": 86,
      "last_played_time_stamp": 1604184665,
      "ties": 0,
      "member": [{
        "legacy_link": {
          "path": "/profile/3086608/1/LearnToSwim",
          "name": "LearnToSwim#588",
          "realm": 1,
          "id": 3086608
        },
        "character_link": {
          "id": 3086608,
          "battle_tag": "Stygian#2978",
          "key": {"href": "https://eu.api.blizzard.com/data/sc2/character/Stygian-2978/3086608?namespace=prod"}
        },
        "clan_link": {
          "clan_name": "Ruskigt Riskabla Rushers",
          "clan_tag": "3R",
          "id": 464670
        },
        "played_race_count": [{
          "race": "Protoss",
          "count": 312
        }]
      }],
      "current_win_streak": 1,
      "id": "16572151601041506304",
      "current_rank": 3
    },
    {
      "wins": 47,
      "rating": 5275,
      "previous_rank": 12,
      "longest_win_streak": 6,
      "losses": 48,
      "join_time_stamp": 1601505586,
      "points": 1346,
      "highest_rank": 43,
      "last_played_time_stamp": 1604108944,
      "ties": 0,
      "member": [{
        "legacy_link": {
          "path": "/profile/4971814/1/Seracis",
          "name": "Seracis#787",
          "realm": 1,
          "id": 4971814
        },
        "character_link": {
          "id": 4971814,
          "battle_tag": "Seracis#2371",
          "key": {"href": "https://eu.api.blizzard.com/data/sc2/character/Seracis-2371/4971814?namespace=prod"}
        },
        "clan_link": {
          "icon_url": "http://EU.depot.battle.net:1119/82b945acf939e0fc9cb03ab4912748322112f78143877487d120a37ddd11498b.clfl",
          "clan_name": "Dark Oath",
          "decal_url": "http://EU.depot.battle.net:1119/82b945acf939e0fc9cb03ab4912748322112f78143877487d120a37ddd11498b.clfl",
          "clan_tag": "Oath",
          "id": 408012
        },
        "played_race_count": [{
          "race": "Protoss",
          "count": 95
        }]
      }],
      "current_win_streak": 0,
      "id": "10303985344671907840",
      "current_rank": 4
    },
    {
      "wins": 66,
      "rating": 5370,
      "previous_rank": 13,
      "longest_win_streak": 6,
      "losses": 61,
      "join_time_stamp": 1601508849,
      "points": 1339,
      "highest_rank": 99,
      "last_played_time_stamp": 1603821175,
      "ties": 0,
      "member": [{
        "legacy_link": {
          "path": "/profile/1905127/1/MoOkaShade",
          "name": "MoOkaShade#209",
          "realm": 1,
          "id": 1905127
        },
        "character_link": {
          "id": 1905127,
          "battle_tag": "Mookashade#2499",
          "key": {"href": "https://eu.api.blizzard.com/data/sc2/character/Mookashade-2499/1905127?namespace=prod"}
        },
        "clan_link": {
          "icon_url": "http://EU.depot.battle.net:1119/559a9eb4acf194de94aa9899dd21de861942f540bfa6f4206a5e86ce6ec49896.clfl",
          "clan_name": "aNgel's WingS",
          "decal_url": "http://EU.depot.battle.net:1119/02042edb97d0800fad59c25fae597318ae7ddc9c7d94635092510780ca78ab07.clfl",
          "clan_tag": "aW",
          "id": 1103
        },
        "played_race_count": [{
          "race": "Zerg",
          "count": 127
        }]
      }],
      "current_win_streak": 3,
      "id": "13837623301809111040",
      "current_rank": 5
    },
    {
      "wins": 130,
      "rating": 5005,
      "previous_rank": 9,
      "longest_win_streak": 8,
      "losses": 124,
      "join_time_stamp": 1601504574,
      "points": 1317,
      "highest_rank": 87,
      "last_played_time_stamp": 1604184469,
      "ties": 0,
      "member": [{
        "legacy_link": {
          "path": "/profile/990309/1/Xellos",
          "name": "Xellos#637",
          "realm": 1,
          "id": 990309
        },
        "character_link": {
          "id": 990309,
          "battle_tag": "Xellos#21537",
          "key": {"href": "https://eu.api.blizzard.com/data/sc2/character/Xellos-21537/990309?namespace=prod"}
        },
        "clan_link": {
          "icon_url": "http://EU.depot.battle.net:1119/a887d04a524b2ec8ef517b464111c9f75ae8cd1d051bc55971b424e0d75aea67.clfl",
          "clan_name": "Plat Heroes",
          "decal_url": "http://EU.depot.battle.net:1119/a887d04a524b2ec8ef517b464111c9f75ae8cd1d051bc55971b424e0d75aea67.clfl",
          "clan_tag": "Heroes",
          "id": 433301
        },
        "played_race_count": [{
          "race": "Terran",
          "count": 254
        }]
      }],
      "current_win_streak": 0,
      "id": 5692017851267809280,
      "current_rank": 6
    },
    {
      "wins": 301,
      "rating": 4977,
      "previous_rank": 9,
      "longest_win_streak": 8,
      "losses": 309,
      "join_time_stamp": 1602435570,
      "points": 1308,
      "highest_rank": 100,
      "last_played_time_stamp": 1604185177,
      "ties": 0,
      "member": [{
        "legacy_link": {
          "path": "/profile/1443617/1/zarmanpg",
          "name": "zarmanpg#512",
          "realm": 1,
          "id": 1443617
        },
        "character_link": {
          "id": 1443617,
          "battle_tag": "zarmanpg#2781",
          "key": {"href": "https://eu.api.blizzard.com/data/sc2/character/zarmanpg-2781/1443617?namespace=prod"}
        },
        "played_race_count": [{
          "race": "Zerg",
          "count": 610
        }]
      }],
      "current_win_streak": 0,
      "id": 4681524883899809792,
      "current_rank": 7
    },
    {
      "wins": 84,
      "rating": 5094,
      "previous_rank": 12,
      "longest_win_streak": 8,
      "losses": 82,
      "join_time_stamp": 1602262775,
      "points": 1304,
      "highest_rank": 100,
      "last_played_time_stamp": 1604062719,
      "ties": 0,
      "member": [{
        "legacy_link": {
          "path": "/profile/2261002/1/niceq",
          "name": "niceq#920",
          "realm": 1,
          "id": 2261002
        },
        "character_link": {
          "id": 2261002,
          "battle_tag": "niceq#2997",
          "key": {"href": "https://eu.api.blizzard.com/data/sc2/character/niceq-2997/2261002?namespace=prod"}
        },
        "played_race_count": [{
          "race": "Terran",
          "count": 166
        }]
      }],
      "current_win_streak": 2,
      "id": 4272823217715937280,
      "current_rank": 8
    },
    {
      "wins": 106,
      "rating": 5047,
      "previous_rank": 16,
      "longest_win_streak": 6,
      "losses": 101,
      "join_time_stamp": 1601501785,
      "points": 1288,
      "highest_rank": 51,
      "last_played_time_stamp": 1604083646,
      "ties": 0,
      "member": [{
        "legacy_link": {
          "path": "/profile/1407439/1/Sebastien",
          "name": "Sebastien#706",
          "realm": 1,
          "id": 1407439
        },
        "character_link": {
          "id": 1407439,
          "battle_tag": "Poopi#2144",
          "key": {"href": "https://eu.api.blizzard.com/data/sc2/character/Poopi-2144/1407439?namespace=prod"}
        },
        "played_race_count": [{
          "race": "Terran",
          "count": 207
        }]
      }],
      "current_win_streak": 1,
      "id": 8568410638274002944,
      "current_rank": 9
    },
    {
      "wins": 122,
      "rating": 4918,
      "previous_rank": 3,
      "longest_win_streak": 6,
      "losses": 123,
      "join_time_stamp": 1601505417,
      "points": 1269,
      "highest_rank": 40,
      "last_played_time_stamp": 1604183898,
      "ties": 0,
      "member": [{
        "legacy_link": {
          "path": "/profile/8435073/1/Solidmore",
          "name": "Solidmore#595",
          "realm": 1,
          "id": 8435073
        },
        "character_link": {
          "id": 8435073,
          "battle_tag": "solidmore#2503",
          "key": {"href": "https://eu.api.blizzard.com/data/sc2/character/solidmore-2503/8435073?namespace=prod"}
        },
        "played_race_count": [{
          "race": "Zerg",
          "count": 245
        }]
      }],
      "current_win_streak": 1,
      "id": "16356823243857854464",
      "current_rank": 10
    },
    {
      "wins": 218,
      "rating": 4953,
      "previous_rank": 14,
      "longest_win_streak": 11,
      "losses": 201,
      "join_time_stamp": 1601502574,
      "points": 1258,
      "highest_rank": 9,
      "last_played_time_stamp": 1604181073,
      "ties": 0,
      "member": [{
        "legacy_link": {
          "path": "/profile/505092/2/Losting",
          "name": "Losting#815",
          "realm": 2,
          "id": 505092
        },
        "character_link": {
          "id": 505092,
          "battle_tag": "Losting#2892",
          "key": {"href": "https://eu.api.blizzard.com/data/sc2/character/Losting-2892/505092?namespace=prod"}
        },
        "clan_link": {
          "icon_url": "http://EU.depot.battle.net:1119/f0c865314cebf0b80b7bfec38aba1537162c20060501d5b1169ba24f470a49e0.clfl",
          "clan_name": "PaniCITeam",
          "decal_url": "http://EU.depot.battle.net:1119/f0c865314cebf0b80b7bfec38aba1537162c20060501d5b1169ba24f470a49e0.clfl",
          "clan_tag": "PaniC",
          "id": 2972
        },
        "played_race_count": [{
          "race": "Protoss",
          "count": 419
        }]
      }],
      "current_win_streak": 5,
      "id": 4752454379007639552,
      "current_rank": 11
    },
    {
      "wins": 83,
      "rating": 5337,
      "previous_rank": 21,
      "longest_win_streak": 7,
      "losses": 67,
      "join_time_stamp": 1601501893,
      "points": 1231,
      "highest_rank": 60,
      "last_played_time_stamp": 1604019324,
      "ties": 0,
      "member": [{
        "legacy_link": {
          "path": "/profile/2427824/1/Shoes",
          "name": "Shoes#236",
          "realm": 1,
          "id": 2427824
        },
        "character_link": {
          "id": 2427824,
          "battle_tag": "Shoes#2851",
          "key": {"href": "https://eu.api.blizzard.com/data/sc2/character/Shoes-2851/2427824?namespace=prod"}
        },
        "clan_link": {
          "icon_url": "http://EU.depot.battle.net:1119/0a6ab959bd78fa02ac8efaa754dcad842004360231105ba425d3778306a6b49c.clfl",
          "clan_name": "IFrench Hopes",
          "decal_url": "http://EU.depot.battle.net:1119/0a6ab959bd78fa02ac8efaa754dcad842004360231105ba425d3778306a6b49c.clfl",
          "clan_tag": "ƒH",
          "id": 462015
        },
        "played_race_count": [{
          "race": "Protoss",
          "count": 150
        }]
      }],
      "current_win_streak": 1,
      "id": "10226861201053188096",
      "current_rank": 12
    },
    {
      "wins": 175,
      "rating": 4883,
      "previous_rank": 17,
      "longest_win_streak": 7,
      "losses": 173,
      "join_time_stamp": 1601507662,
      "points": 1214,
      "highest_rank": 95,
      "last_played_time_stamp": 1604184741,
      "ties": 0,
      "member": [{
        "legacy_link": {
          "path": "/profile/3680138/1/space",
          "name": "space#716",
          "realm": 1,
          "id": 3680138
        },
        "character_link": {
          "id": 3680138,
          "battle_tag": "YoSin#1625",
          "key": {"href": "https://eu.api.blizzard.com/data/sc2/character/YoSin-1625/3680138?namespace=prod"}
        },
        "played_race_count": [{
          "race": "Protoss",
          "count": 348
        }]
      }],
      "current_win_streak": 0,
      "id": 434066385824382976,
      "current_rank": 13
    },
    {
      "wins": 48,
      "rating": 5005,
      "previous_rank": 22,
      "longest_win_streak": 4,
      "losses": 52,
      "join_time_stamp": 1601503024,
      "points": 1205,
      "highest_rank": 53,
      "last_played_time_stamp": 1603987421,
      "ties": 0,
      "member": [{
        "legacy_link": {
          "path": "/profile/8415240/1/UFFIE",
          "name": "UFFIE#956",
          "realm": 1,
          "id": 8415240
        },
        "character_link": {
          "id": 8415240,
          "battle_tag": "UFFIE#21782",
          "key": {"href": "https://eu.api.blizzard.com/data/sc2/character/UFFIE-21782/8415240?namespace=prod"}
        },
        "played_race_count": [{
          "race": "Protoss",
          "count": 100
        }]
      }],
      "current_win_streak": 1,
      "id": "14192843622906331136",
      "current_rank": 14
    },
    {
      "wins": 68,
      "rating": 4963,
      "previous_rank": 26,
      "longest_win_streak": 7,
      "losses": 63,
      "join_time_stamp": 1601503681,
      "points": 1159,
      "highest_rank": 7,
      "last_played_time_stamp": 1603886560,
      "ties": 0,
      "member": [{
        "legacy_link": {
          "path": "/profile/401771/1/PainGamer",
          "name": "PainGamer#162",
          "realm": 1,
          "id": 401771
        },
        "character_link": {
          "id": 401771,
          "battle_tag": "PainGamer#1992",
          "key": {"href": "https://eu.api.blizzard.com/data/sc2/character/PainGamer-1992/401771?namespace=prod"}
        },
        "clan_link": {
          "icon_url": "http://EU.depot.battle.net:1119/cb6c0cf3f405718b7e0cf4adc94afdc77443ba1c9886d61b549f7b96307dd271.clfl",
          "clan_name": "Fellowship eSports",
          "decal_url": "http://EU.depot.battle.net:1119/cb6c0cf3f405718b7e0cf4adc94afdc77443ba1c9886d61b549f7b96307dd271.clfl",
          "clan_tag": "FSeS",
          "id": 434103
        },
        "played_race_count": [{
          "race": "Protoss",
          "count": 131
        }]
      }],
      "current_win_streak": 0,
      "id": 8284965336726372352,
      "current_rank": 15
    },
    {
      "wins": 47,
      "rating": 4936,
      "previous_rank": 23,
      "longest_win_streak": 4,
      "losses": 51,
      "join_time_stamp": 1602276217,
      "points": 1141,
      "highest_rank": 100,
      "last_played_time_stamp": 1603912874,
      "ties": 0,
      "member": [{
        "legacy_link": {
          "path": "/profile/7106775/1/IceTea",
          "name": "IceTea#637",
          "realm": 1,
          "id": 7106775
        },
        "character_link": {
          "id": 7106775,
          "battle_tag": "IceTea#21859",
          "key": {"href": "https://eu.api.blizzard.com/data/sc2/character/IceTea-21859/7106775?namespace=prod"}
        },
        "played_race_count": [{
          "race": "Terran",
          "count": 98
        }]
      }],
      "current_win_streak": 0,
      "id": "9807751557800787968",
      "current_rank": 16
    },
    {
      "wins": 58,
      "rating": 4876,
      "previous_rank": 24,
      "longest_win_streak": 7,
      "losses": 49,
      "join_time_stamp": 1603391730,
      "points": 1119,
      "highest_rank": 100,
      "last_played_time_stamp": 1604014545,
      "ties": 0,
      "member": [{
        "legacy_link": {
          "path": "/profile/461029/2/Uroba",
          "name": "Uroba#692",
          "realm": 2,
          "id": 461029
        },
        "character_link": {
          "id": 461029,
          "battle_tag": "Uroba#2468",
          "key": {"href": "https://eu.api.blizzard.com/data/sc2/character/Uroba-2468/461029?namespace=prod"}
        },
        "clan_link": {
          "icon_url": "http://EU.depot.battle.net:1119/e3b3a72a8a27b1a4a61d1aff4f709ef3f130a1ca82ec89b5d2e7acbf9f11715d.clfl",
          "clan_name": "7x Team",
          "decal_url": "http://EU.depot.battle.net:1119/e3b3a72a8a27b1a4a61d1aff4f709ef3f130a1ca82ec89b5d2e7acbf9f11715d.clfl",
          "clan_tag": "7x",
          "id": 428
        },
        "played_race_count": [{
          "race": "Protoss",
          "count": 107
        }]
      }],
      "current_win_streak": 2,
      "id": "17361407435738185728",
      "current_rank": 17
    },
    {
      "wins": 313,
      "rating": 4738,
      "previous_rank": 30,
      "longest_win_streak": 7,
      "losses": 319,
      "join_time_stamp": 1601502071,
      "points": 1103,
      "highest_rank": 19,
      "last_played_time_stamp": 1604171088,
      "ties": 0,
      "member": [{
        "legacy_link": {
          "path": "/profile/1185102/2/llllllllllll",
          "name": "llllllllllll#15613",
          "realm": 2,
          "id": 1185102
        },
        "character_link": {
          "id": 1185102,
          "battle_tag": "grets#2683",
          "key": {"href": "https://eu.api.blizzard.com/data/sc2/character/grets-2683/1185102?namespace=prod"}
        },
        "played_race_count": [{
          "race": "Zerg",
          "count": 632
        }]
      }],
      "current_win_streak": 0,
      "id": 9003570952268677120,
      "current_rank": 18
    },
    {
      "wins": 48,
      "rating": 4856,
      "previous_rank": 22,
      "longest_win_streak": 6,
      "losses": 50,
      "join_time_stamp": 1601504679,
      "points": 1073,
      "highest_rank": 88,
      "last_played_time_stamp": 1603995091,
      "ties": 0,
      "member": [{
        "legacy_link": {
          "path": "/profile/546062/2/Bekzhan",
          "name": "Bekzhan#720",
          "realm": 2,
          "id": 546062
        },
        "character_link": {
          "id": 546062,
          "battle_tag": "Bekzhan#21529",
          "key": {"href": "https://eu.api.blizzard.com/data/sc2/character/Bekzhan-21529/546062?namespace=prod"}
        },
        "played_race_count": [{
          "race": "Protoss",
          "count": 98
        }]
      }],
      "current_win_streak": 0,
      "id": 4755550603751456768,
      "current_rank": 19
    },
    {
      "wins": 61,
      "rating": 5007,
      "previous_rank": 33,
      "longest_win_streak": 8,
      "losses": 55,
      "join_time_stamp": 1601502524,
      "points": 1056,
      "highest_rank": 71,
      "last_played_time_stamp": 1603449876,
      "ties": 0,
      "member": [{
        "legacy_link": {
          "path": "/profile/2295327/1/NoMercy",
          "name": "NoMercy#255",
          "realm": 1,
          "id": 2295327
        },
        "character_link": {
          "id": 2295327,
          "battle_tag": "NoMercy#23258",
          "key": {"href": "https://eu.api.blizzard.com/data/sc2/character/NoMercy-23258/2295327?namespace=prod"}
        },
        "clan_link": {
          "icon_url": "http://EU.depot.battle.net:1119/82b945acf939e0fc9cb03ab4912748322112f78143877487d120a37ddd11498b.clfl",
          "clan_name": "Dark Oath",
          "decal_url": "http://EU.depot.battle.net:1119/82b945acf939e0fc9cb03ab4912748322112f78143877487d120a37ddd11498b.clfl",
          "clan_tag": "Oath",
          "id": 408012
        },
        "played_race_count": [{
          "race": "Terran",
          "count": 116
        }]
      }],
      "current_win_streak": 3,
      "id": "14767052575396069376",
      "current_rank": 20
    },
    {
      "wins": 33,
      "rating": 4884,
      "previous_rank": 30,
      "longest_win_streak": 4,
      "losses": 32,
      "join_time_stamp": 1601501893,
      "points": 1046,
      "highest_rank": 49,
      "last_played_time_stamp": 1604173617,
      "ties": 0,
      "member": [{
        "legacy_link": {
          "path": "/profile/2048779/1/Aerocool",
          "name": "Aerocool#269",
          "realm": 1,
          "id": 2048779
        },
        "character_link": {
          "id": 2048779,
          "battle_tag": "Aerocool#2746",
          "key": {"href": "https://eu.api.blizzard.com/data/sc2/character/Aerocool-2746/2048779?namespace=prod"}
        },
        "clan_link": {
          "icon_url": "http://EU.depot.battle.net:1119/bdb1e2183c2e0de7ea9ff6c393e4835aca2ba79c9f1da9a787a7414b12516f72.clfl",
          "clan_name": "team pheenix",
          "decal_url": "http://EU.depot.battle.net:1119/bdb1e2183c2e0de7ea9ff6c393e4835aca2ba79c9f1da9a787a7414b12516f72.clfl",
          "clan_tag": "iX",
          "id": 1838
        },
        "played_race_count": [{
          "race": "Protoss",
          "count": 65
        }]
      }],
      "current_win_streak": 2,
      "id": "14190028873139224576",
      "current_rank": 21
    },
    {
      "wins": 178,
      "rating": 5022,
      "previous_rank": 10,
      "longest_win_streak": 8,
      "losses": 160,
      "join_time_stamp": 1601503805,
      "points": 1042,
      "highest_rank": 25,
      "last_played_time_stamp": 1604002125,
      "ties": 0,
      "member": [{
        "legacy_link": {
          "path": "/profile/277312/2/Tiger",
          "name": "Tiger#121",
          "realm": 2,
          "id": 277312
        },
        "character_link": {
          "id": 277312,
          "battle_tag": "Tiger#21612",
          "key": {"href": "https://eu.api.blizzard.com/data/sc2/character/Tiger-21612/277312?namespace=prod"}
        },
        "clan_link": {
          "icon_url": "http://EU.depot.battle.net:1119/3f5f74ebfdac7ba800d0a746f4fcb5c5e511fd206f278ec5ef2009f3650cb016.clfl",
          "clan_name": "Hasu players",
          "decal_url": "http://EU.depot.battle.net:1119/3f5f74ebfdac7ba800d0a746f4fcb5c5e511fd206f278ec5ef2009f3650cb016.clfl",
          "clan_tag": "Hаsu",
          "id": 345585
        },
        "played_race_count": [{
          "race": "Protoss",
          "count": 338
        }]
      }],
      "current_win_streak": 0,
      "id": 5547058238261821440,
      "current_rank": 22
    },
    {
      "wins": 32,
      "rating": 4673,
      "previous_rank": 27,
      "longest_win_streak": 3,
      "losses": 55,
      "join_time_stamp": 1601548124,
      "points": 1040,
      "highest_rank": 100,
      "last_played_time_stamp": 1604173712,
      "ties": 0,
      "member": [{
        "legacy_link": {
          "path": "/profile/2859868/1/Mordrago",
          "name": "Mordrago#208",
          "realm": 1,
          "id": 2859868
        },
        "character_link": {
          "id": 2859868,
          "battle_tag": "Mordrago#2663",
          "key": {"href": "https://eu.api.blizzard.com/data/sc2/character/Mordrago-2663/2859868?namespace=prod"}
        },
        "clan_link": {
          "icon_url": "http://EU.depot.battle.net:1119/842c93c70d515850a11d5b56b5c446cbabf1c092aa02ce33693efec809585e23.clfl",
          "clan_name": "IndyK Crew",
          "decal_url": "http://EU.depot.battle.net:1119/842c93c70d515850a11d5b56b5c446cbabf1c092aa02ce33693efec809585e23.clfl",
          "clan_tag": "IndyK",
          "id": 440839
        },
        "played_race_count": [{
          "race": "Protoss",
          "count": 87
        }]
      }],
      "current_win_streak": 0,
      "id": "13782172731397111808",
      "current_rank": 23
    },
    {
      "wins": 193,
      "rating": 4623,
      "previous_rank": 15,
      "longest_win_streak": 7,
      "losses": 216,
      "join_time_stamp": 1601501984,
      "points": 1034,
      "highest_rank": 62,
      "last_played_time_stamp": 1604082025,
      "ties": 0,
      "member": [{
        "legacy_link": {
          "path": "/profile/4514704/1/GUMGUMRuFFy",
          "name": "GUMGUMRuFFy#667",
          "realm": 1,
          "id": 4514704
        },
        "character_link": {
          "id": 4514704,
          "battle_tag": "ZeuS#25824",
          "key": {"href": "https://eu.api.blizzard.com/data/sc2/character/ZeuS-25824/4514704?namespace=prod"}
        },
        "clan_link": {
          "icon_url": "http://EU.depot.battle.net:1119/bb9e1fba9f62ce54bfe91e632f6e020abbd2f19db459911551c6fbc66cc9a66b.clfl",
          "clan_name": "BeAsT's Esports Organisation",
          "decal_url": "http://EU.depot.battle.net:1119/bb9e1fba9f62ce54bfe91e632f6e020abbd2f19db459911551c6fbc66cc9a66b.clfl",
          "clan_tag": "IBeAŚI",
          "id": 379989
        },
        "played_race_count": [{
          "race": "Terran",
          "count": 409
        }]
      }],
      "current_win_streak": 0,
      "id": "11667450131858325504",
      "current_rank": 24
    },
    {
      "wins": 53,
      "rating": 5016,
      "previous_rank": 36,
      "longest_win_streak": 6,
      "losses": 52,
      "join_time_stamp": 1601502787,
      "points": 992,
      "highest_rank": 11,
      "last_played_time_stamp": 1604103614,
      "ties": 0,
      "member": [{
        "legacy_link": {
          "path": "/profile/1903692/1/LaVa",
          "name": "LaVa#604",
          "realm": 1,
          "id": 1903692
        },
        "character_link": {
          "id": 1903692,
          "battle_tag": "LaVa#2439",
          "key": {"href": "https://eu.api.blizzard.com/data/sc2/character/LaVa-2439/1903692?namespace=prod"}
        },
        "clan_link": {
          "clan_name": "Fence",
          "clan_tag": "ǂǂǂǂǂ",
          "id": 40148
        },
        "played_race_count": [{
          "race": "Zerg",
          "count": 105
        }]
      }],
      "current_win_streak": 1,
      "id": "10229113000866873344",
      "current_rank": 25
    },
    {
      "wins": 31,
      "rating": 5012,
      "previous_rank": 44,
      "longest_win_streak": 8,
      "losses": 30,
      "join_time_stamp": 1602432895,
      "points": 990,
      "highest_rank": 100,
      "last_played_time_stamp": 1604143546,
      "ties": 0,
      "member": [{
        "legacy_link": {
          "path": "/profile/9045016/1/IIIIIIIIIIII",
          "name": "IIIIIIIIIIII#15496",
          "realm": 1,
          "id": 9045016
        },
        "character_link": {
          "id": 9045016,
          "battle_tag": "ShadowDragon#2176850",
          "key": {"href": "https://eu.api.blizzard.com/data/sc2/character/ShadowDragon-2176850/9045016?namespace=prod"}
        },
        "played_race_count": [{
          "race": "Terran",
          "count": 61
        }]
      }],
      "current_win_streak": 7,
      "id": 6341382821562548224,
      "current_rank": 26
    },
    {
      "wins": 64,
      "rating": 4886,
      "previous_rank": 34,
      "longest_win_streak": 11,
      "losses": 61,
      "join_time_stamp": 1601503710,
      "points": 987,
      "highest_rank": 13,
      "last_played_time_stamp": 1603916687,
      "ties": 0,
      "member": [{
        "legacy_link": {
          "path": "/profile/1591501/1/Dan",
          "name": "Dan#1392",
          "realm": 1,
          "id": 1591501
        },
        "character_link": {
          "id": 1591501,
          "battle_tag": "NightRaven#21791",
          "key": {"href": "https://eu.api.blizzard.com/data/sc2/character/NightRaven-21791/1591501?namespace=prod"}
        },
        "played_race_count": [{
          "race": "Terran",
          "count": 125
        }]
      }],
      "current_win_streak": 0,
      "id": 7060267713058308096,
      "current_rank": 27
    },
    {
      "wins": 83,
      "rating": 4639,
      "previous_rank": 27,
      "longest_win_streak": 7,
      "losses": 86,
      "join_time_stamp": 1601502872,
      "points": 985,
      "highest_rank": 16,
      "last_played_time_stamp": 1604174241,
      "ties": 0,
      "member": [{
        "legacy_link": {
          "path": "/profile/425547/1/gSChelser",
          "name": "gSChelser#125",
          "realm": 1,
          "id": 425547
        },
        "character_link": {
          "id": 425547,
          "battle_tag": "Chelser#2100",
          "key": {"href": "https://eu.api.blizzard.com/data/sc2/character/Chelser-2100/425547?namespace=prod"}
        },
        "clan_link": {
          "icon_url": "http://EU.depot.battle.net:1119/2967d8cc196174be97b4f4af0a73c2e560f6a7a37e292e7abe8e421cfc478db7.clfl",
          "clan_name": "PLAT00N",
          "decal_url": "http://EU.depot.battle.net:1119/2967d8cc196174be97b4f4af0a73c2e560f6a7a37e292e7abe8e421cfc478db7.clfl",
          "clan_tag": "PLA2N",
          "id": 79929
        },
        "played_race_count": [{
          "race": "Zerg",
          "count": 169
        }]
      }],
      "current_win_streak": 0,
      "id": 1365465984248315904,
      "current_rank": 28
    },
    {
      "wins": 38,
      "rating": 4919,
      "previous_rank": 47,
      "longest_win_streak": 6,
      "losses": 44,
      "join_time_stamp": 1601502761,
      "points": 961,
      "highest_rank": 26,
      "last_played_time_stamp": 1603834526,
      "ties": 0,
      "member": [{
        "legacy_link": {
          "path": "/profile/2604241/1/Sedna",
          "name": "Sedna#888",
          "realm": 1,
          "id": 2604241
        },
        "character_link": {
          "id": 2604241,
          "battle_tag": "Sedna#2101",
          "key": {"href": "https://eu.api.blizzard.com/data/sc2/character/Sedna-2101/2604241?namespace=prod"}
        },
        "played_race_count": [{
          "race": "Terran",
          "count": 82
        }]
      }],
      "current_win_streak": 1,
      "id": 3383923042240430080,
      "current_rank": 29
    },
    {
      "wins": 104,
      "rating": 5037,
      "previous_rank": 6,
      "longest_win_streak": 7,
      "losses": 96,
      "join_time_stamp": 1601501839,
      "points": 925,
      "highest_rank": 18,
      "last_played_time_stamp": 1602805117,
      "ties": 0,
      "member": [{
        "legacy_link": {
          "path": "/profile/1386514/1/MaesioW",
          "name": "MaesioW#688",
          "realm": 1,
          "id": 1386514
        },
        "character_link": {
          "id": 1386514,
          "battle_tag": "MaesioW#2435",
          "key": {"href": "https://eu.api.blizzard.com/data/sc2/character/MaesioW-2435/1386514?namespace=prod"}
        },
        "played_race_count": [{
          "race": "Protoss",
          "count": 200
        }]
      }],
      "current_win_streak": 2,
      "id": "16926810071696932864",
      "current_rank": 30
    },
    {
      "wins": 78,
      "rating": 5238,
      "previous_rank": 0,
      "longest_win_streak": 16,
      "losses": 17,
      "join_time_stamp": 1602446232,
      "points": 879,
      "highest_rank": 100,
      "last_played_time_stamp": 1602678712,
      "ties": 0,
      "member": [{
        "legacy_link": {
          "path": "/profile/8500001/1/KonekoNoHasu",
          "name": "KonekoNoHasu#510",
          "realm": 1,
          "id": 8500001
        },
        "character_link": {
          "id": 8500001,
          "battle_tag": "RhCn#2502",
          "key": {"href": "https://eu.api.blizzard.com/data/sc2/character/RhCn-2502/8500001?namespace=prod"}
        },
        "played_race_count": [{
          "race": "Protoss",
          "count": 95
        }]
      }],
      "current_win_streak": 1,
      "id": "15722103768445091840",
      "current_rank": 31
    },
    {
      "wins": 22,
      "rating": 5030,
      "previous_rank": 38,
      "longest_win_streak": 3,
      "losses": 33,
      "join_time_stamp": 1602267251,
      "points": 878,
      "highest_rank": 100,
      "last_played_time_stamp": 1603972639,
      "ties": 0,
      "member": [{
        "legacy_link": {
          "path": "/profile/1570082/1/Gerd",
          "name": "Gerd#817",
          "realm": 1,
          "id": 1570082
        },
        "character_link": {
          "id": 1570082,
          "battle_tag": "Gerd#21855",
          "key": {"href": "https://eu.api.blizzard.com/data/sc2/character/Gerd-21855/1570082?namespace=prod"}
        },
        "played_race_count": [{
          "race": "Zerg",
          "count": 55
        }]
      }],
      "current_win_streak": 0,
      "id": "16719088135954235392",
      "current_rank": 32
    },
    {
      "wins": 29,
      "rating": 5251,
      "previous_rank": 34,
      "longest_win_streak": 7,
      "losses": 15,
      "join_time_stamp": 1602349178,
      "points": 855,
      "highest_rank": 100,
      "last_played_time_stamp": 1603814807,
      "ties": 0,
      "member": [{
        "legacy_link": {
          "path": "/profile/5774183/1/Prøject",
          "name": "Prøject#131",
          "realm": 1,
          "id": 5774183
        },
        "character_link": {
          "id": 5774183,
          "battle_tag": "Project#21119",
          "key": {"href": "https://eu.api.blizzard.com/data/sc2/character/Project-21119/5774183?namespace=prod"}
        },
        "clan_link": {
          "icon_url": "http://EU.depot.battle.net:1119/559a9eb4acf194de94aa9899dd21de861942f540bfa6f4206a5e86ce6ec49896.clfl",
          "clan_name": "aNgel's WingS",
          "decal_url": "http://EU.depot.battle.net:1119/02042edb97d0800fad59c25fae597318ae7ddc9c7d94635092510780ca78ab07.clfl",
          "clan_tag": "aW",
          "id": 1103
        },
        "played_race_count": [{
          "race": "Terran",
          "count": 44
        }]
      }],
      "current_win_streak": 0,
      "id": 4411589281722662912,
      "current_rank": 33
    },
    {
      "wins": 23,
      "rating": 5069,
      "previous_rank": 41,
      "longest_win_streak": 4,
      "losses": 23,
      "join_time_stamp": 1603481211,
      "points": 854,
      "highest_rank": 100,
      "last_played_time_stamp": 1604184381,
      "ties": 0,
      "member": [{
        "legacy_link": {
          "path": "/profile/1043721/1/Fortuna",
          "name": "Fortuna#424",
          "realm": 1,
          "id": 1043721
        },
        "character_link": {
          "id": 1043721,
          "battle_tag": "Fortuna#2755",
          "key": {"href": "https://eu.api.blizzard.com/data/sc2/character/Fortuna-2755/1043721?namespace=prod"}
        },
        "played_race_count": [{
          "race": "Protoss",
          "count": 46
        }]
      }],
      "current_win_streak": 1,
      "id": 8205594890852106240,
      "current_rank": 34
    },
    {
      "wins": 20,
      "rating": 5310,
      "previous_rank": 33,
      "longest_win_streak": 8,
      "losses": 10,
      "join_time_stamp": 1602942313,
      "points": 826,
      "highest_rank": 100,
      "last_played_time_stamp": 1604082105,
      "ties": 0,
      "member": [{
        "legacy_link": {
          "path": "/profile/3665637/1/NEEK",
          "name": "NEEK#661",
          "realm": 1,
          "id": 3665637
        },
        "character_link": {
          "id": 3665637,
          "battle_tag": "NEEK#2928",
          "key": {"href": "https://eu.api.blizzard.com/data/sc2/character/NEEK-2928/3665637?namespace=prod"}
        },
        "clan_link": {
          "icon_url": "http://EU.depot.battle.net:1119/1de62d129db6185a66e300975536cd7c7661eee1492e88719f51082c8761c720.clfl",
          "clan_name": "Яed Dragons",
          "decal_url": "http://EU.depot.battle.net:1119/1de62d129db6185a66e300975536cd7c7661eee1492e88719f51082c8761c720.clfl",
          "clan_tag": "ЯD",
          "id": 453719
        },
        "played_race_count": [{
          "race": "Protoss",
          "count": 30
        }]
      }],
      "current_win_streak": 0,
      "id": 8569255063204134912,
      "current_rank": 35
    },
    {
      "wins": 44,
      "rating": 5317,
      "previous_rank": 0,
      "longest_win_streak": 5,
      "losses": 50,
      "join_time_stamp": 1602349178,
      "points": 824,
      "highest_rank": 100,
      "last_played_time_stamp": 1602931897,
      "ties": 0,
      "member": [{
        "legacy_link": {
          "path": "/profile/2333823/2/Unsainted",
          "name": "Unsainted#770",
          "realm": 2,
          "id": 2333823
        },
        "character_link": {
          "id": 2333823,
          "battle_tag": "Protoss#21530",
          "key": {"href": "https://eu.api.blizzard.com/data/sc2/character/Protoss-21530/2333823?namespace=prod"}
        },
        "played_race_count": [{
          "race": "Protoss",
          "count": 94
        }]
      }],
      "current_win_streak": 0,
      "id": 4725715355731755008,
      "current_rank": 36
    },
    {
      "wins": 39,
      "rating": 4761,
      "previous_rank": 0,
      "longest_win_streak": 8,
      "losses": 39,
      "join_time_stamp": 1602861686,
      "points": 819,
      "highest_rank": 100,
      "last_played_time_stamp": 1603297837,
      "ties": 0,
      "member": [{
        "legacy_link": {
          "path": "/profile/8447974/1/IIIIIIIIIIII",
          "name": "IIIIIIIIIIII#12792",
          "realm": 1,
          "id": 8447974
        },
        "character_link": {
          "id": 8447974,
          "battle_tag": "DracoDaatson#21292",
          "key": {"href": "https://eu.api.blizzard.com/data/sc2/character/DracoDaatson-21292/8447974?namespace=prod"}
        },
        "played_race_count": [{
          "race": "Protoss",
          "count": 78
        }]
      }],
      "current_win_streak": 1,
      "id": "15243309335502127104",
      "current_rank": 37
    },
    {
      "wins": 21,
      "rating": 4990,
      "previous_rank": 0,
      "longest_win_streak": 9,
      "losses": 18,
      "join_time_stamp": 1603824075,
      "points": 796,
      "highest_rank": 100,
      "last_played_time_stamp": 1604150234,
      "ties": 0,
      "member": [{
        "legacy_link": {
          "path": "/profile/9030260/1/IIIIIIIIIIII",
          "name": "IIIIIIIIIIII#17188",
          "realm": 1,
          "id": 9030260
        },
        "character_link": {
          "id": 9030260,
          "battle_tag": "Yukino#21610",
          "key": {"href": "https://eu.api.blizzard.com/data/sc2/character/Yukino-21610/9030260?namespace=prod"}
        },
        "played_race_count": [{
          "race": "Protoss",
          "count": 39
        }]
      }],
      "current_win_streak": 2,
      "id": "14190873298069356544",
      "current_rank": 38
    },
    {
      "wins": 28,
      "rating": 5414,
      "previous_rank": 54,
      "longest_win_streak": 7,
      "losses": 24,
      "join_time_stamp": 1602867570,
      "points": 776,
      "highest_rank": 100,
      "last_played_time_stamp": 1604005603,
      "ties": 0,
      "member": [{
        "legacy_link": {
          "path": "/profile/1749753/2/JustLikeFire",
          "name": "JustLikeFire#999",
          "realm": 2,
          "id": 1749753
        },
        "character_link": {
          "id": 1749753,
          "battle_tag": "Ditrih#21911",
          "key": {"href": "https://eu.api.blizzard.com/data/sc2/character/Ditrih-21911/1749753?namespace=prod"}
        },
        "clan_link": {
          "icon_url": "http://EU.depot.battle.net:1119/28489d04e65fb817a3ed9e202c6957b04be0d0355309e68450350c9943315fa9.clfl",
          "clan_name": "Passion Mercenaries",
          "decal_url": "http://EU.depot.battle.net:1119/28489d04e65fb817a3ed9e202c6957b04be0d0355309e68450350c9943315fa9.clfl",
          "clan_tag": "PMǂ",
          "id": 372364
        },
        "played_race_count": [{
          "race": "Protoss",
          "count": 52
        }]
      }],
      "current_win_streak": 0,
      "id": 5004659256675270656,
      "current_rank": 39
    },
    {
      "wins": 19,
      "rating": 5355,
      "previous_rank": 54,
      "longest_win_streak": 5,
      "losses": 11,
      "join_time_stamp": 1603131543,
      "points": 766,
      "highest_rank": 100,
      "last_played_time_stamp": 1604167494,
      "ties": 0,
      "member": [{
        "legacy_link": {
          "path": "/profile/117431/2/Surprise",
          "name": "Surprise#961",
          "realm": 2,
          "id": 117431
        },
        "character_link": {
          "id": 117431,
          "battle_tag": "Surprise#2673",
          "key": {"href": "https://eu.api.blizzard.com/data/sc2/character/Surprise-2673/117431?namespace=prod"}
        },
        "clan_link": {
          "icon_url": "http://EU.depot.battle.net:1119/e3b3a72a8a27b1a4a61d1aff4f709ef3f130a1ca82ec89b5d2e7acbf9f11715d.clfl",
          "clan_name": "7x Team",
          "decal_url": "http://EU.depot.battle.net:1119/e3b3a72a8a27b1a4a61d1aff4f709ef3f130a1ca82ec89b5d2e7acbf9f11715d.clfl",
          "clan_tag": "7x",
          "id": 428
        },
        "played_race_count": [{
          "race": "Terran",
          "count": 30
        }]
      }],
      "current_win_streak": 4,
      "id": "15953199122371051520",
      "current_rank": 40
    },
    {
      "wins": 58,
      "rating": 4825,
      "previous_rank": 37,
      "longest_win_streak": 5,
      "losses": 54,
      "join_time_stamp": 1601507710,
      "points": 758,
      "highest_rank": 55,
      "last_played_time_stamp": 1603822238,
      "ties": 0,
      "member": [{
        "legacy_link": {
          "path": "/profile/284424/1/Hoshi",
          "name": "Hoshi#753",
          "realm": 1,
          "id": 284424
        },
        "character_link": {
          "id": 284424,
          "battle_tag": "Hoshiqua#2978",
          "key": {"href": "https://eu.api.blizzard.com/data/sc2/character/Hoshiqua-2978/284424?namespace=prod"}
        },
        "clan_link": {
          "icon_url": "http://EU.depot.battle.net:1119/513bcc061a2aeebd729a3ebab3a64be33297b72cede816163ce24c567e452f38.clfl",
          "clan_name": "Orbital Colossus",
          "decal_url": "http://EU.depot.battle.net:1119/513bcc061a2aeebd729a3ebab3a64be33297b72cede816163ce24c567e452f38.clfl",
          "clan_tag": "ØC",
          "id": 2518
        },
        "played_race_count": [{
          "race": "Terran",
          "count": 112
        }]
      }],
      "current_win_streak": 0,
      "id": 6270731502896545792,
      "current_rank": 41
    },
    {
      "wins": 32,
      "rating": 5001,
      "previous_rank": 35,
      "longest_win_streak": 3,
      "losses": 34,
      "join_time_stamp": 1601501965,
      "points": 720,
      "highest_rank": 61,
      "last_played_time_stamp": 1602857225,
      "ties": 0,
      "member": [{
        "legacy_link": {
          "path": "/profile/5750529/1/Caerwyn",
          "name": "Caerwyn#698",
          "realm": 1,
          "id": 5750529
        },
        "character_link": {
          "id": 5750529,
          "battle_tag": "Caerwyn#21522",
          "key": {"href": "https://eu.api.blizzard.com/data/sc2/character/Caerwyn-21522/5750529?namespace=prod"}
        },
        "clan_link": {
          "icon_url": "http://EU.depot.battle.net:1119/ecbbd0a01e9579abdd53a8690d00c96ac5b0c67710b9f1e4af1d2fb1f4d270f8.clfl",
          "clan_name": "CHAOS SPEC OPS",
          "decal_url": "http://EU.depot.battle.net:1119/ecbbd0a01e9579abdd53a8690d00c96ac5b0c67710b9f1e4af1d2fb1f4d270f8.clfl",
          "clan_tag": "CS0",
          "id": 421340
        },
        "played_race_count": [{
          "race": "Terran",
          "count": 66
        }]
      }],
      "current_win_streak": 3,
      "id": 1435834728425979904,
      "current_rank": 42
    },
    {
      "wins": 17,
      "rating": 5204,
      "previous_rank": 51,
      "longest_win_streak": 3,
      "losses": 18,
      "join_time_stamp": 1601503249,
      "points": 686,
      "highest_rank": 82,
      "last_played_time_stamp": 1603835809,
      "ties": 0,
      "member": [{
        "legacy_link": {
          "path": "/profile/301357/1/DasDuelon",
          "name": "DasDuelon#641",
          "realm": 1,
          "id": 301357
        },
        "character_link": {
          "id": 301357,
          "battle_tag": "DasDuelon#2923",
          "key": {"href": "https://eu.api.blizzard.com/data/sc2/character/DasDuelon-2923/301357?namespace=prod"}
        },
        "clan_link": {
          "icon_url": "http://EU.depot.battle.net:1119/82b945acf939e0fc9cb03ab4912748322112f78143877487d120a37ddd11498b.clfl",
          "clan_name": "Dark Oath",
          "decal_url": "http://EU.depot.battle.net:1119/82b945acf939e0fc9cb03ab4912748322112f78143877487d120a37ddd11498b.clfl",
          "clan_tag": "Oath",
          "id": 408012
        },
        "played_race_count": [{
          "race": "Zerg",
          "count": 35
        }]
      }],
      "current_win_streak": 0,
      "id": "11453247674581516288",
      "current_rank": 43
    },
    {
      "wins": 21,
      "rating": 4907,
      "previous_rank": 36,
      "longest_win_streak": 4,
      "losses": 23,
      "join_time_stamp": 1601502932,
      "points": 662,
      "highest_rank": 80,
      "last_played_time_stamp": 1602961746,
      "ties": 0,
      "member": [{
        "legacy_link": {
          "path": "/profile/170682/1/DarkGamer",
          "name": "DarkGamer#948",
          "realm": 1,
          "id": 170682
        },
        "character_link": {
          "id": 170682,
          "battle_tag": "DarkGamer#2610",
          "key": {"href": "https://eu.api.blizzard.com/data/sc2/character/DarkGamer-2610/170682?namespace=prod"}
        },
        "played_race_count": [{
          "race": "Terran",
          "count": 44
        }]
      }],
      "current_win_streak": 4,
      "id": "17073177059586473984",
      "current_rank": 44
    },
    {
      "wins": 48,
      "rating": 5065,
      "previous_rank": 0,
      "longest_win_streak": 7,
      "losses": 50,
      "join_time_stamp": 1601503710,
      "points": 624,
      "highest_rank": 83,
      "last_played_time_stamp": 1601823455,
      "ties": 0,
      "member": [{
        "legacy_link": {
          "path": "/profile/9326735/1/CrabSly",
          "name": "CrabSly#633",
          "realm": 1,
          "id": 9326735
        },
        "character_link": {
          "id": 9326735,
          "battle_tag": "IlIlIlIlIlIl#21548",
          "key": {"href": "https://eu.api.blizzard.com/data/sc2/character/IlIlIlIlIlIl-21548/9326735?namespace=prod"}
        },
        "played_race_count": [{
          "race": "Protoss",
          "count": 98
        }]
      }],
      "current_win_streak": 0,
      "id": 8285246811703083008,
      "current_rank": 45
    },
    {
      "wins": 14,
      "rating": 5558,
      "previous_rank": 0,
      "longest_win_streak": 8,
      "losses": 5,
      "join_time_stamp": 1602654475,
      "points": 620,
      "highest_rank": 100,
      "last_played_time_stamp": 1603197514,
      "ties": 0,
      "member": [{
        "legacy_link": {
          "path": "/profile/3862234/1/IIIIIIIIII",
          "name": "IIIIIIIIII#1275",
          "realm": 1,
          "id": 3862234
        },
        "character_link": {
          "id": 3862234,
          "battle_tag": "endrju#2412",
          "key": {"href": "https://eu.api.blizzard.com/data/sc2/character/endrju-2412/3862234?namespace=prod"}
        },
        "played_race_count": [{
          "race": "Protoss",
          "count": 19
        }]
      }],
      "current_win_streak": 2,
      "id": 8720978871744200704,
      "current_rank": 46
    },
    {
      "wins": 32,
      "rating": 5001,
      "previous_rank": 46,
      "longest_win_streak": 6,
      "losses": 25,
      "join_time_stamp": 1601503785,
      "points": 614,
      "highest_rank": 2,
      "last_played_time_stamp": 1603463667,
      "ties": 0,
      "member": [{
        "legacy_link": {
          "path": "/profile/9439344/1/Goofy",
          "name": "Goofy#661",
          "realm": 1,
          "id": 9439344
        },
        "character_link": {
          "id": 9439344,
          "battle_tag": "Onlineheld#215281",
          "key": {"href": "https://eu.api.blizzard.com/data/sc2/character/Onlineheld-215281/9439344?namespace=prod"}
        },
        "played_race_count": [{
          "race": "Terran",
          "count": 57
        }]
      }],
      "current_win_streak": 4,
      "id": 570862124994134016,
      "current_rank": 47
    },
    {
      "wins": 16,
      "rating": 5331,
      "previous_rank": 43,
      "longest_win_streak": 2,
      "losses": 16,
      "join_time_stamp": 1601723016,
      "points": 607,
      "highest_rank": 100,
      "last_played_time_stamp": 1602927402,
      "ties": 0,
      "member": [{
        "legacy_link": {
          "path": "/profile/3789938/1/ByunJovi",
          "name": "ByunJovi#402",
          "realm": 1,
          "id": 3789938
        },
        "character_link": {
          "id": 3789938,
          "battle_tag": "Goomba#1920",
          "key": {"href": "https://eu.api.blizzard.com/data/sc2/character/Goomba-1920/3789938?namespace=prod"}
        },
        "played_race_count": [{
          "race": "Terran",
          "count": 32
        }]
      }],
      "current_win_streak": 1,
      "id": "11166708347313324032",
      "current_rank": 48
    },
    {
      "wins": 14,
      "rating": 4986,
      "previous_rank": 64,
      "longest_win_streak": 3,
      "losses": 18,
      "join_time_stamp": 1601502655,
      "points": 566,
      "highest_rank": 77,
      "last_played_time_stamp": 1604018779,
      "ties": 0,
      "member": [{
        "legacy_link": {
          "path": "/profile/1308671/2/anioki",
          "name": "anioki#428",
          "realm": 2,
          "id": 1308671
        },
        "character_link": {
          "id": 1308671,
          "battle_tag": "anioki#21442",
          "key": {"href": "https://eu.api.blizzard.com/data/sc2/character/anioki-21442/1308671?namespace=prod"}
        },
        "clan_link": {
          "icon_url": "http://EU.depot.battle.net:1119/7888eb587f406b3eaa8ed098153b65914a21eb2d68ef28af2078ef3fb711973a.clfl",
          "clan_name": "Cascade 1ХBet",
          "decal_url": "http://EU.depot.battle.net:1119/7888eb587f406b3eaa8ed098153b65914a21eb2d68ef28af2078ef3fb711973a.clfl",
          "clan_tag": "сSсǃ",
          "id": 450585
        },
        "played_race_count": [{
          "race": "Protoss",
          "count": 32
        }]
      }],
      "current_win_streak": 0,
      "id": "11667168656881614848",
      "current_rank": 49
    },
    {
      "wins": 28,
      "rating": 4836,
      "previous_rank": 25,
      "longest_win_streak": 5,
      "losses": 30,
      "join_time_stamp": 1601506548,
      "points": 545,
      "highest_rank": 92,
      "last_played_time_stamp": 1602271505,
      "ties": 0,
      "member": [{
        "legacy_link": {
          "path": "/profile/1693103/1/farSight",
          "name": "farSight#552",
          "realm": 1,
          "id": 1693103
        },
        "character_link": {
          "id": 1693103,
          "battle_tag": "oGsBumder#2688",
          "key": {"href": "https://eu.api.blizzard.com/data/sc2/character/oGsBumder-2688/1693103?namespace=prod"}
        },
        "played_race_count": [{
          "race": "Terran",
          "count": 58
        }]
      }],
      "current_win_streak": 1,
      "id": "12610673878327361536",
      "current_rank": 50
    },
    {
      "wins": 26,
      "rating": 5107,
      "previous_rank": 0,
      "longest_win_streak": 5,
      "losses": 31,
      "join_time_stamp": 1601501984,
      "points": 528,
      "highest_rank": 15,
      "last_played_time_stamp": 1601832015,
      "ties": 0,
      "member": [{
        "legacy_link": {
          "path": "/profile/8400051/1/IlIlIlIlIlIl",
          "name": "IlIlIlIlIlIl#1434",
          "realm": 1,
          "id": 8400051
        },
        "character_link": {
          "id": 8400051,
          "battle_tag": "IlIlIlIlIlIl#21141",
          "key": {"href": "https://eu.api.blizzard.com/data/sc2/character/IlIlIlIlIlIl-21141/8400051?namespace=prod"}
        },
        "played_race_count": [{
          "race": "Protoss",
          "count": 57
        }]
      }],
      "current_win_streak": 1,
      "id": 5326944806474088448,
      "current_rank": 51
    },
    {
      "wins": 14,
      "rating": 5001,
      "previous_rank": 55,
      "longest_win_streak": 3,
      "losses": 9,
      "join_time_stamp": 1603530230,
      "points": 508,
      "highest_rank": 100,
      "last_played_time_stamp": 1604174031,
      "ties": 0,
      "member": [{
        "legacy_link": {
          "path": "/profile/9211169/1/llllllllllll",
          "name": "llllllllllll#15607",
          "realm": 1,
          "id": 9211169
        },
        "character_link": {
          "id": 9211169,
          "battle_tag": "SatanicToss#2416",
          "key": {"href": "https://eu.api.blizzard.com/data/sc2/character/SatanicToss-2416/9211169?namespace=prod"}
        },
        "played_race_count": [{
          "race": "Protoss",
          "count": 23
        }]
      }],
      "current_win_streak": 2,
      "id": 7799715671016734720,
      "current_rank": 52
    },
    {
      "wins": 13,
      "rating": 5163,
      "previous_rank": 58,
      "longest_win_streak": 4,
      "losses": 9,
      "join_time_stamp": 1601502058,
      "points": 506,
      "highest_rank": 64,
      "last_played_time_stamp": 1604178289,
      "ties": 0,
      "member": [{
        "legacy_link": {
          "path": "/profile/2473685/1/Ricus",
          "name": "Ricus#545",
          "realm": 1,
          "id": 2473685
        },
        "character_link": {
          "id": 2473685,
          "battle_tag": "ricus#2945",
          "key": {"href": "https://eu.api.blizzard.com/data/sc2/character/ricus-2945/2473685?namespace=prod"}
        },
        "clan_link": {
          "icon_url": "http://EU.depot.battle.net:1119/e85488c58c4a3b24c8c4c98b30040bd945ecc44ce141c2afead63b327671fd13.clfl",
          "clan_name": "ArcaneumGaming",
          "decal_url": "http://EU.depot.battle.net:1119/e85488c58c4a3b24c8c4c98b30040bd945ecc44ce141c2afead63b327671fd13.clfl",
          "clan_tag": "ARC4",
          "id": 392557
        },
        "played_race_count": [{
          "race": "Protoss",
          "count": 22
        }]
      }],
      "current_win_streak": 4,
      "id": 7487546727705083904,
      "current_rank": 53
    },
    {
      "wins": 20,
      "rating": 4805,
      "previous_rank": 64,
      "longest_win_streak": 7,
      "losses": 14,
      "join_time_stamp": 1602312049,
      "points": 491,
      "highest_rank": 100,
      "last_played_time_stamp": 1604130745,
      "ties": 0,
      "member": [{
        "legacy_link": {
          "path": "/profile/4236876/1/leon",
          "name": "leon#2884",
          "realm": 1,
          "id": 4236876
        },
        "character_link": {
          "id": 4236876,
          "battle_tag": "Leon#21725",
          "key": {"href": "https://eu.api.blizzard.com/data/sc2/character/Leon-21725/4236876?namespace=prod"}
        },
        "clan_link": {
          "icon_url": "http://EU.depot.battle.net:1119/d7b379f767ea86ac88cf08f16a0fa8545d8275f6faa43c90a7aa81c642abdaac.clfl",
          "clan_name": "IceHus",
          "decal_url": "http://EU.depot.battle.net:1119/d7b379f767ea86ac88cf08f16a0fa8545d8275f6faa43c90a7aa81c642abdaac.clfl",
          "clan_tag": "IceHus",
          "id": 465877
        },
        "played_race_count": [{
          "race": "Terran",
          "count": 34
        }]
      }],
      "current_win_streak": 0,
      "id": 460244658170101760,
      "current_rank": 54
    },
    {
      "wins": 22,
      "rating": 5015,
      "previous_rank": 52,
      "longest_win_streak": 5,
      "losses": 17,
      "join_time_stamp": 1601502560,
      "points": 463,
      "highest_rank": 72,
      "last_played_time_stamp": 1603802732,
      "ties": 0,
      "member": [{
        "legacy_link": {
          "path": "/profile/7057849/1/Kindness",
          "name": "Kindness#362",
          "realm": 1,
          "id": 7057849
        },
        "character_link": {
          "id": 7057849,
          "battle_tag": "Gosuhenke#2379",
          "key": {"href": "https://eu.api.blizzard.com/data/sc2/character/Gosuhenke-2379/7057849?namespace=prod"}
        },
        "played_race_count": [{
          "race": "Terran",
          "count": 39
        }]
      }],
      "current_win_streak": 0,
      "id": 7563544971416961024,
      "current_rank": 55
    },
    {
      "wins": 10,
      "rating": 5560,
      "previous_rank": 0,
      "longest_win_streak": 2,
      "losses": 13,
      "join_time_stamp": 1603387695,
      "points": 430,
      "highest_rank": 100,
      "last_played_time_stamp": 1603416278,
      "ties": 0,
      "member": [{
        "legacy_link": {
          "path": "/profile/1877731/1/frozz",
          "name": "frozz#887",
          "realm": 1,
          "id": 1877731
        },
        "character_link": {
          "id": 1877731,
          "battle_tag": "frozz#2369",
          "key": {"href": "https://eu.api.blizzard.com/data/sc2/character/frozz-2369/1877731?namespace=prod"}
        },
        "played_race_count": [{
          "race": "Terran",
          "count": 23
        }]
      }],
      "current_win_streak": 0,
      "id": "12505976182107275264",
      "current_rank": 56
    },
    {
      "wins": 10,
      "rating": 4823,
      "previous_rank": 63,
      "longest_win_streak": 2,
      "losses": 15,
      "join_time_stamp": 1601502269,
      "points": 383,
      "highest_rank": 69,
      "last_played_time_stamp": 1603924990,
      "ties": 0,
      "member": [{
        "legacy_link": {
          "path": "/profile/1842017/1/Nightmare",
          "name": "Nightmare#1200",
          "realm": 1,
          "id": 1842017
        },
        "character_link": {
          "id": 1842017,
          "battle_tag": "Nightmare#2892",
          "key": {"href": "https://eu.api.blizzard.com/data/sc2/character/Nightmare-2892/1842017?namespace=prod"}
        },
        "played_race_count": [{
          "race": "Zerg",
          "count": 25
        }]
      }],
      "current_win_streak": 0,
      "id": "13902361446940934144",
      "current_rank": 57
    },
    {
      "wins": 12,
      "rating": 4784,
      "previous_rank": 63,
      "longest_win_streak": 4,
      "losses": 13,
      "join_time_stamp": 1602597029,
      "points": 370,
      "highest_rank": 100,
      "last_played_time_stamp": 1603980487,
      "ties": 0,
      "member": [{
        "legacy_link": {
          "path": "/profile/1982657/2/llllllllllll",
          "name": "llllllllllll#15278",
          "realm": 2,
          "id": 1982657
        },
        "character_link": {
          "id": 1982657,
          "battle_tag": "RATM#21437",
          "key": {"href": "https://eu.api.blizzard.com/data/sc2/character/RATM-21437/1982657?namespace=prod"}
        },
        "played_race_count": [{
          "race": "Zerg",
          "count": 25
        }]
      }],
      "current_win_streak": 1,
      "id": 8351677105230053376,
      "current_rank": 58
    },
    {
      "wins": 12,
      "rating": 5118,
      "previous_rank": 0,
      "longest_win_streak": 2,
      "losses": 21,
      "join_time_stamp": 1601503156,
      "points": 349,
      "highest_rank": 50,
      "last_played_time_stamp": 1601822799,
      "ties": 0,
      "member": [{
        "legacy_link": {
          "path": "/profile/6869101/1/Stronge",
          "name": "Stronge#800",
          "realm": 1,
          "id": 6869101
        },
        "character_link": {
          "id": 6869101,
          "battle_tag": "JPDAVIS535#2316",
          "key": {"href": "https://eu.api.blizzard.com/data/sc2/character/JPDAVIS535-2316/6869101?namespace=prod"}
        },
        "played_race_count": [{
          "race": "Protoss",
          "count": 33
        }]
      }],
      "current_win_streak": 0,
      "id": "14625752137087320064",
      "current_rank": 59
    },
    {
      "wins": 10,
      "rating": 4794,
      "previous_rank": 65,
      "longest_win_streak": 2,
      "losses": 13,
      "join_time_stamp": 1601721023,
      "points": 308,
      "highest_rank": 100,
      "last_played_time_stamp": 1604125617,
      "ties": 0,
      "member": [{
        "legacy_link": {
          "path": "/profile/2047877/1/devz",
          "name": "devz#668",
          "realm": 1,
          "id": 2047877
        },
        "character_link": {
          "id": 2047877,
          "battle_tag": "devz#2899",
          "key": {"href": "https://eu.api.blizzard.com/data/sc2/character/devz-2899/2047877?namespace=prod"}
        },
        "clan_link": {
          "icon_url": "http://EU.depot.battle.net:1119/28489d04e65fb817a3ed9e202c6957b04be0d0355309e68450350c9943315fa9.clfl",
          "clan_name": "Passion Mercenaries",
          "decal_url": "http://EU.depot.battle.net:1119/28489d04e65fb817a3ed9e202c6957b04be0d0355309e68450350c9943315fa9.clfl",
          "clan_tag": "PMǂ",
          "id": 372364
        },
        "played_race_count": [{
          "race": "Zerg",
          "count": 23
        }]
      }],
      "current_win_streak": 0,
      "id": 1149576876134498304,
      "current_rank": 60
    },
    {
      "wins": 15,
      "rating": 4944,
      "previous_rank": 0,
      "longest_win_streak": 6,
      "losses": 8,
      "join_time_stamp": 1601502493,
      "points": 306,
      "highest_rank": 56,
      "last_played_time_stamp": 1601923702,
      "ties": 0,
      "member": [{
        "legacy_link": {
          "path": "/profile/8772765/1/Valkyrie",
          "name": "Valkyrie#234",
          "realm": 1,
          "id": 8772765
        },
        "character_link": {
          "id": 8772765,
          "battle_tag": "Valkyrie#23140",
          "key": {"href": "https://eu.api.blizzard.com/data/sc2/character/Valkyrie-23140/8772765?namespace=prod"}
        },
        "played_race_count": [{
          "race": "Protoss",
          "count": 23
        }]
      }],
      "current_win_streak": 0,
      "id": 6336877022911922176,
      "current_rank": 61
    },
    {
      "wins": 8,
      "rating": 4890,
      "previous_rank": 0,
      "longest_win_streak": 6,
      "losses": 5,
      "join_time_stamp": 1601505422,
      "points": 182,
      "highest_rank": 14,
      "last_played_time_stamp": 1601681652,
      "ties": 0,
      "member": [{
        "legacy_link": {
          "path": "/profile/293913/1/RazerBlader",
          "name": "RazerBlader#448",
          "realm": 1,
          "id": 293913
        },
        "character_link": {
          "id": 293913,
          "battle_tag": "RazerBlader#2500",
          "key": {"href": "https://eu.api.blizzard.com/data/sc2/character/RazerBlader-2500/293913?namespace=prod"}
        },
        "clan_link": {
          "icon_url": "http://EU.depot.battle.net:1119/1de62d129db6185a66e300975536cd7c7661eee1492e88719f51082c8761c720.clfl",
          "clan_name": "Яed Dragons",
          "decal_url": "http://EU.depot.battle.net:1119/1de62d129db6185a66e300975536cd7c7661eee1492e88719f51082c8761c720.clfl",
          "clan_tag": "ЯD",
          "id": 453719
        },
        "played_race_count": [{
          "race": "Protoss",
          "count": 13
        }]
      }],
      "current_win_streak": 0,
      "id": 8214315117571997696,
      "current_rank": 62
    },
    {
      "wins": 5,
      "rating": 4536,
      "previous_rank": 67,
      "longest_win_streak": 2,
      "losses": 19,
      "join_time_stamp": 1602270601,
      "points": 178,
      "highest_rank": 100,
      "last_played_time_stamp": 1603100608,
      "ties": 0,
      "member": [{
        "legacy_link": {
          "path": "/profile/7231014/1/ТЕРАПЕВТ",
          "name": "ТЕРАПЕВТ#713",
          "realm": 1,
          "id": 7231014
        },
        "character_link": {
          "id": 7231014,
          "battle_tag": "JEROS#21663",
          "key": {"href": "https://eu.api.blizzard.com/data/sc2/character/JEROS-21663/7231014?namespace=prod"}
        },
        "played_race_count": [{
          "race": "Random",
          "count": 24
        }]
      }],
      "current_win_streak": 1,
      "id": 6633558245434720256,
      "current_rank": 63
    },
    {
      "wins": 5,
      "rating": 4962,
      "previous_rank": 67,
      "longest_win_streak": 4,
      "losses": 2,
      "join_time_stamp": 1601504042,
      "points": 176,
      "highest_rank": 84,
      "last_played_time_stamp": 1603401724,
      "ties": 0,
      "member": [{
        "legacy_link": {
          "path": "/profile/8485934/1/DemonPrince",
          "name": "DemonPrince#953",
          "realm": 1,
          "id": 8485934
        },
        "character_link": {
          "id": 8485934,
          "battle_tag": "DemonPrince#21909",
          "key": {"href": "https://eu.api.blizzard.com/data/sc2/character/DemonPrince-21909/8485934?namespace=prod"}
        },
        "played_race_count": [{
          "race": "Zerg",
          "count": 7
        }]
      }],
      "current_win_streak": 0,
      "id": 1799218923359436800,
      "current_rank": 64
    },
    {
      "wins": 4,
      "rating": 5800,
      "previous_rank": 65,
      "longest_win_streak": 2,
      "losses": 2,
      "join_time_stamp": 1601505407,
      "points": 171,
      "highest_rank": 21,
      "last_played_time_stamp": 1602515264,
      "ties": 0,
      "member": [{
        "legacy_link": {
          "path": "/profile/572618/2/BornToWin",
          "name": "BornToWin#513",
          "realm": 2,
          "id": 572618
        },
        "character_link": {
          "id": 572618,
          "battle_tag": "WingsOfFire#21508",
          "key": {"href": "https://eu.api.blizzard.com/data/sc2/character/WingsOfFire-21508/572618?namespace=prod"}
        },
        "played_race_count": [{
          "race": "Terran",
          "count": 6
        }]
      }],
      "current_win_streak": 2,
      "id": "16861226402123350016",
      "current_rank": 65
    },
    {
      "wins": 5,
      "rating": 5068,
      "previous_rank": 0,
      "longest_win_streak": 3,
      "losses": 4,
      "join_time_stamp": 1601548661,
      "points": 166,
      "highest_rank": 100,
      "last_played_time_stamp": 1601726320,
      "ties": 0,
      "member": [{
        "legacy_link": {
          "path": "/profile/277176/1/MAKSIM",
          "name": "MAKSIM#1631",
          "realm": 1,
          "id": 277176
        },
        "character_link": {
          "id": 277176,
          "battle_tag": "CLEANER#21776",
          "key": {"href": "https://eu.api.blizzard.com/data/sc2/character/CLEANER-21776/277176?namespace=prod"}
        },
        "clan_link": {
          "icon_url": "http://EU.depot.battle.net:1119/57cd2cd9842b65addd24f9aea43f3ab20d33d05d1a4e86be299511e5d5972b72.clfl",
          "clan_name": "Harbingers",
          "decal_url": "http://EU.depot.battle.net:1119/57cd2cd9842b65addd24f9aea43f3ab20d33d05d1a4e86be299511e5d5972b72.clfl",
          "clan_tag": "HBGS",
          "id": 447729
        },
        "played_race_count": [{
          "race": "Terran",
          "count": 9
        }]
      }],
      "current_win_streak": 3,
      "id": 7154281454791294976,
      "current_rank": 66
    },
    {
      "wins": 6,
      "rating": 4717,
      "previous_rank": 87,
      "longest_win_streak": 2,
      "losses": 9,
      "join_time_stamp": 1601502606,
      "points": 164,
      "highest_rank": 76,
      "last_played_time_stamp": 1603116954,
      "ties": 0,
      "member": [{
        "legacy_link": {
          "path": "/profile/1256560/2/Beowulf",
          "name": "Beowulf#686",
          "realm": 2,
          "id": 1256560
        },
        "character_link": {
          "id": 1256560,
          "battle_tag": "Screamer#2684",
          "key": {"href": "https://eu.api.blizzard.com/data/sc2/character/Screamer-2684/1256560?namespace=prod"}
        },
        "played_race_count": [{
          "race": "Zerg",
          "count": 15
        }]
      }],
      "current_win_streak": 0,
      "id": "17290757216583811072",
      "current_rank": 67
    },
    {
      "wins": 3,
      "rating": 5881,
      "previous_rank": 0,
      "longest_win_streak": 1,
      "losses": 6,
      "join_time_stamp": 1602274209,
      "points": 144,
      "highest_rank": 100,
      "last_played_time_stamp": 1602707199,
      "ties": 0,
      "member": [{
        "legacy_link": {
          "path": "/profile/8107350/1/llllllllllll",
          "name": "llllllllllll#12160",
          "realm": 1,
          "id": 8107350
        },
        "character_link": {
          "id": 8107350,
          "battle_tag": "llllIIllII#1769",
          "key": {"href": "https://eu.api.blizzard.com/data/sc2/character/llllIIllII-1769/8107350?namespace=prod"}
        },
        "played_race_count": [{
          "race": "Terran",
          "count": 9
        }]
      }],
      "current_win_streak": 1,
      "id": 6131688361959620608,
      "current_rank": 68
    },
    {
      "wins": 4,
      "rating": 5125,
      "previous_rank": 73,
      "longest_win_streak": 1,
      "losses": 13,
      "join_time_stamp": 1602359130,
      "points": 142,
      "highest_rank": 100,
      "last_played_time_stamp": 1603785356,
      "ties": 0,
      "member": [{
        "legacy_link": {
          "path": "/profile/2526293/1/Krr",
          "name": "Krr#179",
          "realm": 1,
          "id": 2526293
        },
        "character_link": {
          "id": 2526293,
          "battle_tag": "Krr#2189",
          "key": {"href": "https://eu.api.blizzard.com/data/sc2/character/Krr-2189/2526293?namespace=prod"}
        },
        "clan_link": {
          "icon_url": "http://EU.depot.battle.net:1119/63e92b3f75ad41f71bfa8e8fe6dd19ad4b2d88eb87ae282da1a4d51956b4abc3.clfl",
          "clan_name": "Real Exon Esports",
          "decal_url": "http://EU.depot.battle.net:1119/63e92b3f75ad41f71bfa8e8fe6dd19ad4b2d88eb87ae282da1a4d51956b4abc3.clfl",
          "clan_tag": "Ex0n",
          "id": 451584
        },
        "played_race_count": [{
          "race": "Terran",
          "count": 17
        }]
      }],
      "current_win_streak": 0,
      "id": "15464835639731552256",
      "current_rank": 69
    },
    {
      "wins": 3,
      "rating": 5250,
      "previous_rank": 0,
      "longest_win_streak": 2,
      "losses": 4,
      "join_time_stamp": 1601502041,
      "points": 112,
      "highest_rank": 27,
      "last_played_time_stamp": 1601811007,
      "ties": 0,
      "member": [{
        "legacy_link": {
          "path": "/profile/2429024/1/Bloop",
          "name": "Bloop#212",
          "realm": 1,
          "id": 2429024
        },
        "character_link": {
          "id": 2429024,
          "battle_tag": "Bloop#2209",
          "key": {"href": "https://eu.api.blizzard.com/data/sc2/character/Bloop-2209/2429024?namespace=prod"}
        },
        "played_race_count": [{
          "race": "Terran",
          "count": 7
        }]
      }],
      "current_win_streak": 0,
      "id": 8641312657242062848,
      "current_rank": 70
    },
    {
      "wins": 2,
      "rating": 4814,
      "previous_rank": 75,
      "longest_win_streak": 2,
      "losses": 1,
      "join_time_stamp": 1602109186,
      "points": 93,
      "highest_rank": 100,
      "last_played_time_stamp": 1603853181,
      "ties": 0,
      "member": [{
        "legacy_link": {
          "path": "/profile/7112610/1/llllllllllll",
          "name": "llllllllllll#15821",
          "realm": 1,
          "id": 7112610
        },
        "character_link": {
          "id": 7112610,
          "battle_tag": "anXieTy#11814",
          "key": {"href": "https://eu.api.blizzard.com/data/sc2/character/anXieTy-11814/7112610?namespace=prod"}
        },
        "played_race_count": [{
          "race": "Zerg",
          "count": 3
        }]
      }],
      "current_win_streak": 0,
      "id": 7063369435360264192,
      "current_rank": 71
    },
    {
      "wins": 3,
      "rating": 5355,
      "previous_rank": 0,
      "longest_win_streak": 3,
      "losses": 4,
      "join_time_stamp": 1601502675,
      "points": 89,
      "highest_rank": 17,
      "last_played_time_stamp": 1601505638,
      "ties": 0,
      "member": [{
        "legacy_link": {
          "path": "/profile/177674/1/Mantaza",
          "name": "Mantaza#301",
          "realm": 1,
          "id": 177674
        },
        "character_link": {
          "id": 177674,
          "battle_tag": "Mantaza#2752",
          "key": {"href": "https://eu.api.blizzard.com/data/sc2/character/Mantaza-2752/177674?namespace=prod"}
        },
        "clan_link": {
          "icon_url": "http://EU.depot.battle.net:1119/82b945acf939e0fc9cb03ab4912748322112f78143877487d120a37ddd11498b.clfl",
          "clan_name": "Dark Oath",
          "decal_url": "http://EU.depot.battle.net:1119/82b945acf939e0fc9cb03ab4912748322112f78143877487d120a37ddd11498b.clfl",
          "clan_tag": "Oath",
          "id": 408012
        },
        "played_race_count": [{
          "race": "Protoss",
          "count": 7
        }]
      }],
      "current_win_streak": 3,
      "id": 7345120389489491968,
      "current_rank": 72
    },
    {
      "wins": 3,
      "rating": 5124,
      "previous_rank": 72,
      "longest_win_streak": 2,
      "losses": 2,
      "join_time_stamp": 1601504534,
      "points": 88,
      "highest_rank": 54,
      "last_played_time_stamp": 1602940110,
      "ties": 0,
      "member": [{
        "legacy_link": {
          "path": "/profile/7183387/1/Gorilla",
          "name": "Gorilla#377",
          "realm": 1,
          "id": 7183387
        },
        "character_link": {
          "id": 7183387,
          "battle_tag": "Sanity#21304",
          "key": {"href": "https://eu.api.blizzard.com/data/sc2/character/Sanity-21304/7183387?namespace=prod"}
        },
        "played_race_count": [{
          "race": "Terran",
          "count": 5
        }]
      }],
      "current_win_streak": 0,
      "id": 720043862650781696,
      "current_rank": 73
    },
    {
      "wins": 3,
      "rating": 4933,
      "previous_rank": 82,
      "longest_win_streak": 2,
      "losses": 1,
      "join_time_stamp": 1602248381,
      "points": 88,
      "highest_rank": 100,
      "last_played_time_stamp": 1603935339,
      "ties": 0,
      "member": [{
        "legacy_link": {
          "path": "/profile/6720132/1/Barry",
          "name": "Barry#374",
          "realm": 1,
          "id": 6720132
        },
        "character_link": {
          "id": 6720132,
          "battle_tag": "Barry#2344",
          "key": {"href": "https://eu.api.blizzard.com/data/sc2/character/Barry-2344/6720132?namespace=prod"}
        },
        "clan_link": {
          "icon_url": "http://EU.depot.battle.net:1119/cb6c0cf3f405718b7e0cf4adc94afdc77443ba1c9886d61b549f7b96307dd271.clfl",
          "clan_name": "Fellowship eSports",
          "decal_url": "http://EU.depot.battle.net:1119/cb6c0cf3f405718b7e0cf4adc94afdc77443ba1c9886d61b549f7b96307dd271.clfl",
          "clan_tag": "FSeS",
          "id": 434103
        },
        "played_race_count": [{
          "race": "Protoss",
          "count": 4
        }]
      }],
      "current_win_streak": 1,
      "id": 6474523784081571840,
      "current_rank": 74
    },
    {
      "wins": 1,
      "rating": 5771,
      "previous_rank": 0,
      "longest_win_streak": 1,
      "losses": 1,
      "join_time_stamp": 1601501898,
      "points": 48,
      "highest_rank": 30,
      "last_played_time_stamp": 1601502662,
      "ties": 0,
      "member": [{
        "legacy_link": {
          "path": "/profile/6429885/1/lIlIlIlIlIlI",
          "name": "lIlIlIlIlIlI#660",
          "realm": 1,
          "id": 6429885
        },
        "character_link": {
          "id": 6429885,
          "battle_tag": "JunO#1480",
          "key": {"href": "https://eu.api.blizzard.com/data/sc2/character/JunO-1480/6429885?namespace=prod"}
        },
        "played_race_count": [{
          "race": "Protoss",
          "count": 2
        }]
      }],
      "current_win_streak": 1,
      "id": 8640186757335220224,
      "current_rank": 75
    },
    {
      "wins": 2,
      "rating": 5641,
      "previous_rank": 0,
      "longest_win_streak": 2,
      "losses": 0,
      "join_time_stamp": 1601502675,
      "points": 48,
      "highest_rank": 34,
      "last_played_time_stamp": 1601503703,
      "ties": 0,
      "member": [{
        "legacy_link": {
          "path": "/profile/7698223/1/lllllllLULll",
          "name": "lllllllLULll#587",
          "realm": 1,
          "id": 7698223
        },
        "character_link": {
          "id": 7698223,
          "battle_tag": "Tartem#2108",
          "key": {"href": "https://eu.api.blizzard.com/data/sc2/character/Tartem-2108/7698223?namespace=prod"}
        },
        "played_race_count": [{
          "race": "Terran",
          "count": 2
        }]
      }],
      "current_win_streak": 2,
      "id": 6695757618218008576,
      "current_rank": 76
    },
    {
      "wins": 1,
      "rating": 4924,
      "previous_rank": 0,
      "longest_win_streak": 1,
      "losses": 1,
      "join_time_stamp": 1601503942,
      "points": 48,
      "highest_rank": 37,
      "last_played_time_stamp": 1601504753,
      "ties": 0,
      "member": [{
        "legacy_link": {
          "path": "/profile/5175465/1/droku",
          "name": "droku#934",
          "realm": 1,
          "id": 5175465
        },
        "character_link": {
          "id": 5175465,
          "battle_tag": "Tron#2702",
          "key": {"href": "https://eu.api.blizzard.com/data/sc2/character/Tron-2702/5175465?namespace=prod"}
        },
        "played_race_count": [{
          "race": "Terran",
          "count": 2
        }]
      }],
      "current_win_streak": 1,
      "id": 8861707564006506496,
      "current_rank": 77
    },
    {
      "wins": 2,
      "rating": 5592,
      "previous_rank": 0,
      "longest_win_streak": 1,
      "losses": 2,
      "join_time_stamp": 1602407650,
      "points": 48,
      "highest_rank": 100,
      "last_played_time_stamp": 1602533374,
      "ties": 0,
      "member": [{
        "legacy_link": {
          "path": "/profile/3661708/1/Progamer",
          "name": "Progamer#523",
          "realm": 1,
          "id": 3661708
        },
        "character_link": {
          "id": 3661708,
          "battle_tag": "Progamer#22909",
          "key": {"href": "https://eu.api.blizzard.com/data/sc2/character/Progamer-22909/3661708?namespace=prod"}
        },
        "clan_link": {
          "clan_name": "Global Esports Gaming",
          "clan_tag": "WinX",
          "id": 468040
        },
        "played_race_count": [{
          "race": "Zerg",
          "count": 4
        }]
      }],
      "current_win_streak": 0,
      "id": 3229681352072757248,
      "current_rank": 78
    },
    {
      "wins": 1,
      "rating": 4948,
      "previous_rank": 0,
      "longest_win_streak": 1,
      "losses": 1,
      "join_time_stamp": 1601838723,
      "points": 42,
      "highest_rank": 100,
      "last_played_time_stamp": 1601839468,
      "ties": 0,
      "member": [{
        "legacy_link": {
          "path": "/profile/8839389/1/Braindead",
          "name": "Braindead#267",
          "realm": 1,
          "id": 8839389
        },
        "character_link": {
          "id": 8839389,
          "battle_tag": "CrankyPants#2126236",
          "key": {"href": "https://eu.api.blizzard.com/data/sc2/character/CrankyPants-2126236/8839389?namespace=prod"}
        },
        "played_race_count": [{
          "race": "Terran",
          "count": 2
        }]
      }],
      "current_win_streak": 1,
      "id": "10235591323377729536",
      "current_rank": 79
    },
    {
      "wins": 1,
      "rating": 5025,
      "previous_rank": 71,
      "longest_win_streak": 1,
      "losses": 1,
      "join_time_stamp": 1601504278,
      "points": 36,
      "highest_rank": 36,
      "last_played_time_stamp": 1603065625,
      "ties": 0,
      "member": [{
        "legacy_link": {
          "path": "/profile/2042137/2/Masterok",
          "name": "Masterok#280",
          "realm": 2,
          "id": 2042137
        },
        "character_link": {
          "id": 2042137,
          "battle_tag": "Inojin#2984",
          "key": {"href": "https://eu.api.blizzard.com/data/sc2/character/Inojin-2984/2042137?namespace=prod"}
        },
        "clan_link": {
          "clan_name": "TopOne",
          "clan_tag": "TopOne",
          "id": 470166
        },
        "played_race_count": [{
          "race": "Protoss",
          "count": 2
        }]
      }],
      "current_win_streak": 1,
      "id": "16716548264094072832",
      "current_rank": 80
    },
    {
      "wins": 0,
      "rating": 5294,
      "previous_rank": 0,
      "longest_win_streak": 0,
      "losses": 1,
      "join_time_stamp": 1601502105,
      "points": 0,
      "highest_rank": 65,
      "last_played_time_stamp": 1601502105,
      "ties": 0,
      "member": [{
        "legacy_link": {
          "path": "/profile/6679970/1/ACAZ",
          "name": "ACAZ#781",
          "realm": 1,
          "id": 6679970
        },
        "character_link": {
          "id": 6679970,
          "battle_tag": "JustLeaveNow#2171",
          "key": {"href": "https://eu.api.blizzard.com/data/sc2/character/JustLeaveNow-2171/6679970?namespace=prod"}
        },
        "played_race_count": [{
          "race": "Zerg",
          "count": 1
        }]
      }],
      "current_win_streak": 0,
      "id": "13903487346847776768",
      "current_rank": 81
    },
    {
      "wins": 0,
      "rating": 5620,
      "previous_rank": 0,
      "longest_win_streak": 0,
      "losses": 1,
      "join_time_stamp": 1601502163,
      "points": 0,
      "highest_rank": 67,
      "last_played_time_stamp": 1601502163,
      "ties": 0,
      "member": [{
        "legacy_link": {
          "path": "/profile/6679970/1/ACAZ",
          "name": "ACAZ#781",
          "realm": 1,
          "id": 6679970
        },
        "character_link": {
          "id": 6679970,
          "battle_tag": "JustLeaveNow#2171",
          "key": {"href": "https://eu.api.blizzard.com/data/sc2/character/JustLeaveNow-2171/6679970?namespace=prod"}
        },
        "played_race_count": [{
          "race": "Terran",
          "count": 1
        }]
      }],
      "current_win_streak": 0,
      "id": 5761260695538630656,
      "current_rank": 82
    },
    {
      "wins": 1,
      "rating": 4856,
      "previous_rank": 0,
      "longest_win_streak": 1,
      "losses": 0,
      "join_time_stamp": 1601502575,
      "points": 0,
      "highest_rank": 73,
      "last_played_time_stamp": 1603320785,
      "ties": 0,
      "member": [{
        "legacy_link": {
          "path": "/profile/9008512/1/IIIIIIIIIIII",
          "name": "IIIIIIIIIIII#16450",
          "realm": 1,
          "id": 9008512
        },
        "character_link": {
          "id": 9008512,
          "battle_tag": "MightyBeast#2140188",
          "key": {"href": "https://eu.api.blizzard.com/data/sc2/character/MightyBeast-2140188/9008512?namespace=prod"}
        },
        "played_race_count": [{
          "race": "Protoss",
          "count": 1
        }]
      }],
      "current_win_streak": 1,
      "id": "16929624821464039424",
      "current_rank": 83
    },
    {
      "wins": 1,
      "rating": 4854,
      "previous_rank": 0,
      "longest_win_streak": 1,
      "losses": 0,
      "join_time_stamp": 1601504152,
      "points": 0,
      "highest_rank": 85,
      "last_played_time_stamp": 1601504152,
      "ties": 0,
      "member": [{
        "legacy_link": {
          "path": "/profile/2089190/1/Xorx",
          "name": "Xorx#436",
          "realm": 1,
          "id": 2089190
        },
        "character_link": {
          "id": 2089190,
          "battle_tag": "Xorx#2820",
          "key": {"href": "https://eu.api.blizzard.com/data/sc2/character/Xorx-2820/2089190?namespace=prod"}
        },
        "clan_link": {
          "icon_url": "http://EU.depot.battle.net:1119/fb4dce8457ba2cc986f37e2af71184b19c337f25d6650524352ed57d055fbda6.clfl",
          "clan_name": "VFNGaming",
          "decal_url": "http://EU.depot.battle.net:1119/fb4dce8457ba2cc986f37e2af71184b19c337f25d6650524352ed57d055fbda6.clfl",
          "clan_tag": "VFN",
          "id": 121523
        },
        "played_race_count": [{
          "race": "Random",
          "count": 1
        }]
      }],
      "current_win_streak": 1,
      "id": "18301533857951776768",
      "current_rank": 84
    },
    {
      "wins": 0,
      "rating": 5159,
      "previous_rank": 0,
      "longest_win_streak": 0,
      "losses": 1,
      "join_time_stamp": 1601505518,
      "points": 0,
      "highest_rank": 91,
      "last_played_time_stamp": 1601505518,
      "ties": 0,
      "member": [{
        "legacy_link": {
          "path": "/profile/4724145/1/Flashover",
          "name": "Flashover#325",
          "realm": 1,
          "id": 4724145
        },
        "character_link": {
          "id": 4724145,
          "battle_tag": "Darkos#21161",
          "key": {"href": "https://eu.api.blizzard.com/data/sc2/character/Darkos-21161/4724145?namespace=prod"}
        },
        "played_race_count": [{
          "race": "Terran",
          "count": 1
        }]
      }],
      "current_win_streak": 0,
      "id": "11889816462971371520",
      "current_rank": 85
    },
    {
      "wins": 0,
      "rating": 5547,
      "previous_rank": 0,
      "longest_win_streak": 0,
      "losses": 1,
      "join_time_stamp": 1601507293,
      "points": 0,
      "highest_rank": 94,
      "last_played_time_stamp": 1601507293,
      "ties": 0,
      "member": [{
        "legacy_link": {
          "path": "/profile/8702962/1/robotikov",
          "name": "robotikov#206",
          "realm": 1,
          "id": 8702962
        },
        "character_link": {
          "id": 8702962,
          "battle_tag": "Tranzistor#21474",
          "key": {"href": "https://eu.api.blizzard.com/data/sc2/character/Tranzistor-21474/8702962?namespace=prod"}
        },
        "clan_link": {
          "icon_url": "http://EU.depot.battle.net:1119/16bee0d9a06065435409938868bbfce99e7c0a9a07f75966c66b011e664cac25.clfl",
          "clan_name": "Ascending Pariahs",
          "decal_url": "http://EU.depot.battle.net:1119/16bee0d9a06065435409938868bbfce99e7c0a9a07f75966c66b011e664cac25.clfl",
          "clan_tag": "PÂRłAH",
          "id": 437048
        },
        "played_race_count": [{
          "race": "Zerg",
          "count": 1
        }]
      }],
      "current_win_streak": 0,
      "id": 1010527138127806464,
      "current_rank": 86
    },
    {
      "wins": 1,
      "rating": 5024,
      "previous_rank": 0,
      "longest_win_streak": 1,
      "losses": 0,
      "join_time_stamp": 1601508127,
      "points": 0,
      "highest_rank": 97,
      "last_played_time_stamp": 1601508127,
      "ties": 0,
      "member": [{
        "legacy_link": {
          "path": "/profile/3515186/1/NeOPriMaL",
          "name": "NeOPriMaL#270",
          "realm": 1,
          "id": 3515186
        },
        "character_link": {
          "id": 3515186,
          "battle_tag": "SifuMarine#2985",
          "key": {"href": "https://eu.api.blizzard.com/data/sc2/character/SifuMarine-2985/3515186?namespace=prod"}
        },
        "clan_link": {
          "icon_url": "http://EU.depot.battle.net:1119/520de0fc1ba1c8d08232e8426d1fe2c748162e3ce715e0a8cedfa8938f01b78e.clfl",
          "clan_name": "Blue Flame eSports",
          "decal_url": "http://EU.depot.battle.net:1119/520de0fc1ba1c8d08232e8426d1fe2c748162e3ce715e0a8cedfa8938f01b78e.clfl",
          "clan_tag": "BFeS",
          "id": 462092
        },
        "played_race_count": [{
          "race": "Terran",
          "count": 1
        }]
      }],
      "current_win_streak": 1,
      "id": 4613688315000913920,
      "current_rank": 87
    },
    {
      "wins": 1,
      "rating": 5481,
      "previous_rank": 0,
      "longest_win_streak": 1,
      "losses": 1,
      "join_time_stamp": 1601847648,
      "points": 0,
      "highest_rank": 100,
      "last_played_time_stamp": 1601848344,
      "ties": 0,
      "member": [{
        "legacy_link": {
          "path": "/profile/9031363/1/lIlIlIlIlIlI",
          "name": "lIlIlIlIlIlI#1816",
          "realm": 1,
          "id": 9031363
        },
        "character_link": {
          "id": 9031363,
          "battle_tag": "lllIIIlllIII#21429",
          "key": {"href": "https://eu.api.blizzard.com/data/sc2/character/lllIIIlllIII-21429/9031363?namespace=prod"}
        },
        "played_race_count": [{
          "race": "Protoss",
          "count": 2
        }]
      }],
      "current_win_streak": 0,
      "id": "15357872949558247424",
      "current_rank": 88
    },
    {
      "wins": 0,
      "rating": 4835,
      "previous_rank": 0,
      "longest_win_streak": 0,
      "losses": 2,
      "join_time_stamp": 1601932711,
      "points": 0,
      "highest_rank": 100,
      "last_played_time_stamp": 1602312304,
      "ties": 0,
      "member": [{
        "legacy_link": {
          "path": "/profile/3619372/1/FeaR",
          "name": "FeaR#555",
          "realm": 1,
          "id": 3619372
        },
        "character_link": {
          "id": 3619372,
          "battle_tag": "TheOnlyDen#1545",
          "key": {"href": "https://eu.api.blizzard.com/data/sc2/character/TheOnlyDen-1545/3619372?namespace=prod"}
        },
        "played_race_count": [{
          "race": "Protoss",
          "count": 2
        }]
      }],
      "current_win_streak": 0,
      "id": 4651690735391735808,
      "current_rank": 89
    },
    {
      "wins": 1,
      "rating": 5230,
      "previous_rank": 0,
      "longest_win_streak": 1,
      "losses": 4,
      "join_time_stamp": 1602112519,
      "points": 0,
      "highest_rank": 100,
      "last_played_time_stamp": 1602112519,
      "ties": 0,
      "member": [{
        "legacy_link": {
          "path": "/profile/8824122/1/HânTattoo",
          "name": "HânTattoo#640",
          "realm": 1,
          "id": 8824122
        },
        "character_link": {
          "id": 8824122,
          "battle_tag": "HânTattoo49#2314",
          "key": {"href": "https://eu.api.blizzard.com/data/sc2/character/H%C3%A2nTattoo49-2314/8824122?namespace=prod"}
        },
        "played_race_count": [{
          "race": "Terran",
          "count": 5
        }]
      }],
      "current_win_streak": 0,
      "id": "16455626458241433600",
      "current_rank": 90
    },
    {
      "wins": 1,
      "rating": 4882,
      "previous_rank": 0,
      "longest_win_streak": 1,
      "losses": 0,
      "join_time_stamp": 1602261566,
      "points": 0,
      "highest_rank": 100,
      "last_played_time_stamp": 1603224319,
      "ties": 0,
      "member": [{
        "legacy_link": {
          "path": "/profile/1698568/2/IndeX",
          "name": "IndeX#142",
          "realm": 2,
          "id": 1698568
        },
        "character_link": {
          "id": 1698568,
          "battle_tag": "Лучший#2343",
          "key": {"href": "https://eu.api.blizzard.com/data/sc2/character/%D0%9B%D1%83%D1%87%D1%88%D0%B8%D0%B9-2343/1698568?namespace=prod"}
        },
        "clan_link": {
          "icon_url": "http://EU.depot.battle.net:1119/90ba519ecd26f42bca5ba00dff0bd03cb3741a5ddee75730dbd84d6685c5482a.clfl",
          "clan_name": "we are IMBA people",
          "decal_url": "http://EU.depot.battle.net:1119/90ba519ecd26f42bca5ba00dff0bd03cb3741a5ddee75730dbd84d6685c5482a.clfl",
          "clan_tag": "isIMBA",
          "id": 210110
        },
        "played_race_count": [{
          "race": "Zerg",
          "count": 1
        }]
      }],
      "current_win_streak": 1,
      "id": 8479184170168352768,
      "current_rank": 91
    },
    {
      "wins": 0,
      "rating": 5048,
      "previous_rank": 0,
      "longest_win_streak": 0,
      "losses": 1,
      "join_time_stamp": 1602364816,
      "points": 0,
      "highest_rank": 100,
      "last_played_time_stamp": 1602364816,
      "ties": 0,
      "member": [{
        "legacy_link": {
          "path": "/profile/4231524/1/pħĭłĭpp",
          "name": "pħĭłĭpp#698",
          "realm": 1,
          "id": 4231524
        },
        "character_link": {
          "id": 4231524,
          "battle_tag": "axthd#2505",
          "key": {"href": "https://eu.api.blizzard.com/data/sc2/character/axthd-2505/4231524?namespace=prod"}
        },
        "clan_link": {
          "icon_url": "http://EU.depot.battle.net:1119/1d511f5a04e0bfd202f47082759a160dad4921308b0fb11f3b802ad8c47d2e8c.clfl",
          "clan_name": "Insane Sc2 Player laal",
          "decal_url": "http://EU.depot.battle.net:1119/1d511f5a04e0bfd202f47082759a160dad4921308b0fb11f3b802ad8c47d2e8c.clfl",
          "clan_tag": "Sc2Gms",
          "id": 462409
        },
        "played_race_count": [{
          "race": "Terran",
          "count": 1
        }]
      }],
      "current_win_streak": 0,
      "id": 986607262665539584,
      "current_rank": 92
    },
    {
      "wins": 0,
      "rating": 6015,
      "previous_rank": 0,
      "longest_win_streak": 0,
      "losses": 1,
      "join_time_stamp": 1602621048,
      "points": 0,
      "highest_rank": 100,
      "last_played_time_stamp": 1602621048,
      "ties": 0,
      "member": [{
        "legacy_link": {
          "path": "/profile/880117/1/FrisK",
          "name": "FrisK#469",
          "realm": 1,
          "id": 880117
        },
        "character_link": {
          "id": 880117,
          "battle_tag": "Morris#21456",
          "key": {"href": "https://eu.api.blizzard.com/data/sc2/character/Morris-21456/880117?namespace=prod"}
        },
        "clan_link": {
          "icon_url": "http://EU.depot.battle.net:1119/97ef7bec372eb821c32a33cc55ad4f3b025471223c2d340777c7204be1eba27f.clfl",
          "clan_name": "Archangel GamingEU",
          "decal_url": "http://EU.depot.battle.net:1119/97ef7bec372eb821c32a33cc55ad4f3b025471223c2d340777c7204be1eba27f.clfl",
          "clan_tag": "ArGGEU",
          "id": 457524
        },
        "played_race_count": [{
          "race": "Protoss",
          "count": 1
        }]
      }],
      "current_win_streak": 0,
      "id": "15100607019867963392",
      "current_rank": 93
    },
    {
      "wins": 0,
      "rating": 5550,
      "previous_rank": 0,
      "longest_win_streak": 0,
      "losses": 2,
      "join_time_stamp": 1602680265,
      "points": 0,
      "highest_rank": 100,
      "last_played_time_stamp": 1602680624,
      "ties": 0,
      "member": [{
        "legacy_link": {
          "path": "/profile/275358/2/Irbis",
          "name": "Irbis#730",
          "realm": 2,
          "id": 275358
        },
        "character_link": {
          "id": 275358,
          "battle_tag": "Irbis#1136",
          "key": {"href": "https://eu.api.blizzard.com/data/sc2/character/Irbis-1136/275358?namespace=prod"}
        },
        "clan_link": {
          "icon_url": "http://EU.depot.battle.net:1119/57cd2cd9842b65addd24f9aea43f3ab20d33d05d1a4e86be299511e5d5972b72.clfl",
          "clan_name": "Harbingers",
          "decal_url": "http://EU.depot.battle.net:1119/57cd2cd9842b65addd24f9aea43f3ab20d33d05d1a4e86be299511e5d5972b72.clfl",
          "clan_tag": "HBGS",
          "id": 447729
        },
        "played_race_count": [{
          "race": "Zerg",
          "count": 2
        }]
      }],
      "current_win_streak": 0,
      "id": 2602275828007960576,
      "current_rank": 94
    },
    {
      "wins": 0,
      "rating": 4890,
      "previous_rank": 0,
      "longest_win_streak": 0,
      "losses": 1,
      "join_time_stamp": 1603900932,
      "points": 0,
      "highest_rank": 100,
      "last_played_time_stamp": 1603900932,
      "ties": 0,
      "member": [{
        "legacy_link": {
          "path": "/profile/8959727/1/lllll",
          "name": "lllll#913",
          "realm": 1,
          "id": 8959727
        },
        "character_link": {
          "id": 8959727,
          "battle_tag": "lllll#21252",
          "key": {"href": "https://eu.api.blizzard.com/data/sc2/character/lllll-21252/8959727?namespace=prod"}
        },
        "clan_link": {
          "clan_name": "Call me daddy, please",
          "clan_tag": "DaDdYo",
          "id": 462121
        },
        "played_race_count": [{
          "race": "Terran",
          "count": 1
        }]
      }],
      "current_win_streak": 0,
      "id": 2400183391799476224,
      "current_rank": 95
    },
    {
      "wins": 1,
      "rating": 5215,
      "previous_rank": 0,
      "longest_win_streak": 1,
      "losses": 0,
      "join_time_stamp": 1604146504,
      "points": 0,
      "highest_rank": 100,
      "last_played_time_stamp": 1604146504,
      "ties": 0,
      "member": [{
        "legacy_link": {
          "path": "/profile/8795642/1/IIIIIIIIIIII",
          "name": "IIIIIIIIIIII#16369",
          "realm": 1,
          "id": 8795642
        },
        "character_link": {
          "id": 8795642,
          "battle_tag": "LuckyTiger#2130762",
          "key": {"href": "https://eu.api.blizzard.com/data/sc2/character/LuckyTiger-2130762/8795642?namespace=prod"}
        },
        "played_race_count": [{
          "race": "Terran",
          "count": 1
        }]
      }],
      "current_win_streak": 1,
      "id": 4361220654054244352,
      "current_rank": 96
    },
    {
      "wins": 1,
      "rating": 4832,
      "previous_rank": 0,
      "longest_win_streak": 1,
      "losses": 0,
      "join_time_stamp": 1604164057,
      "points": 0,
      "highest_rank": 100,
      "last_played_time_stamp": 1604164057,
      "ties": 0,
      "member": [{
        "legacy_link": {
          "path": "/profile/8317112/1/Noise",
          "name": "Noise#362",
          "realm": 1,
          "id": 8317112
        },
        "character_link": {
          "id": 8317112,
          "battle_tag": "Nanachi#11843",
          "key": {"href": "https://eu.api.blizzard.com/data/sc2/character/Nanachi-11843/8317112?namespace=prod"}
        },
        "played_race_count": [{
          "race": "Protoss",
          "count": 1
        }]
      }],
      "current_win_streak": 1,
      "id": "11219076986632667136",
      "current_rank": 97
    }
  ],
  "dateTimeCrawled": "2020-11-01T00:05:16.849",
  "region": "eu",
  "ladderId": 230898
}