{
  "tier": [     // 0-6 tier
    {
      "division": [   // 3 divize
        {
          "ladder_id": 230898,
          "id": 3,
          "member_count": 100
        },    // X laddery - max 100 hracu
        {
          "ladder_id": 231081,
          "id": 9,
          "member_count": 99
        },
        {
          "ladder_id": 231139,
          "id": 11,
          "member_count": 98
        },
        {
          "ladder_id": 230987,
          "id": 4,
          "member_count": 97
        },
        {
          "ladder_id": 231042,
          "id": 6,
          "member_count": 100
        },
        {
          "ladder_id": 231227,
          "id": 14,
          "member_count": 98
        },
        {
          "ladder_id": 231296,
          "id": 16,
          "member_count": 100
        },
        {
          "ladder_id": 231398,
          "id": 19,
          "member_count": 99
        },
        {
          "ladder_id": 231484,
          "id": 21,
          "member_count": 100
        },
        {
          "ladder_id": 231564,
          "id": 23,
          "member_count": 99
        },
        {
          "ladder_id": 231621,
          "id": 26,
          "member_count": 97
        },
        {
          "ladder_id": 231714,
          "id": 28,
          "member_count": 100
        },
        {
          "ladder_id": 231958,
          "id": 33,
          "member_count": 95
        },
        {
          "ladder_id": 232053,
          "id": 36,
          "member_count": 98
        },
        {
          "ladder_id": 232155,
          "id": 37,
          "member_count": 99
        },
        {
          "ladder_id": 232264,
          "id": 40,
          "member_count": 95
        },
        {
          "ladder_id": 232377,
          "id": 43,
          "member_count": 96
        },
        {
          "ladder_id": 232487,
          "id": 46,
          "member_count": 36
        }
      ],
      "min_rating": 4823,
      "id": 0,
      "max_rating": 5054
    },
    {
      "division": [
        {
          "ladder_id": 231046,
          "id": 7,
          "member_count": 95
        },
        {
          "ladder_id": 230889,
          "id": 2,
          "member_count": 97
        },
        {
          "ladder_id": 231174,
          "id": 12,
          "member_count": 92
        },
        {
          "ladder_id": 231309,
          "id": 17,
          "member_count": 100
        },
        {
          "ladder_id": 231451,
          "id": 20,
          "member_count": 93
        },
        {
          "ladder_id": 231590,
          "id": 25,
          "member_count": 96
        },
        {
          "ladder_id": 231783,
          "id": 30,
          "member_count": 97
        },
        {
          "ladder_id": 231961,
          "id": 34,
          "member_count": 92
        },
        {
          "ladder_id": 232191,
          "id": 39,
          "member_count": 93
        },
        {
          "ladder_id": 232345,
          "id": 42,
          "member_count": 92
        }
      ],
      "min_rating": 4591,
      "id": 1,
      "max_rating": 4823
    },
    {
      "division": [
        {
          "ladder_id": 230998,
          "id": 5,
          "member_count": 97
        },
        {
          "ladder_id": 230882,
          "id": 1,
          "member_count": 99
        },
        {
          "ladder_id": 231212,
          "id": 13,
          "member_count": 100
        },
        {
          "ladder_id": 231058,
          "id": 8,
          "member_count": 99
        },
        {
          "ladder_id": 231123,
          "id": 10,
          "member_count": 99
        },
        {
          "ladder_id": 231280,
          "id": 15,
          "member_count": 100
        },
        {
          "ladder_id": 231377,
          "id": 18,
          "member_count": 100
        },
        {
          "ladder_id": 231496,
          "id": 22,
          "member_count": 99
        },
        {
          "ladder_id": 231581,
          "id": 24,
          "member_count": 97
        },
        {
          "ladder_id": 231667,
          "id": 27,
          "member_count": 100
        },
        {
          "ladder_id": 231768,
          "id": 29,
          "member_count": 100
        },
        {
          "ladder_id": 231867,
          "id": 31,
          "member_count": 100
        },
        {
          "ladder_id": 231939,
          "id": 32,
          "member_count": 100
        },
        {
          "ladder_id": 232038,
          "id": 35,
          "member_count": 100
        },
        {
          "ladder_id": 232175,
          "id": 38,
          "member_count": 99
        },
        {
          "ladder_id": 232276,
          "id": 41,
          "member_count": 98
        },
        {
          "ladder_id": 232380,
          "id": 44,
          "member_count": 98
        },
        {
          "ladder_id": 232475,
          "id": 45,
          "member_count": 31
        }
      ],
      "min_rating": 4360,
      "id": 2,
      "max_rating": 4591
    }
  ],
  "_links": {"self": {"href": "https://eu.api.blizzard.com/data/sc2/league/45/201/0/5?namespace=prod"}},
  "key": {
    "season_id": 45,
    "team_type": 0,
    "league_id": 5,
    "queue_id": 201
  }
}
